Indice;Prompt_Original;PT_Referencia_Dataset;Resposta_Gerada
0;"Task: Kindly complete the input table by providing the value for the missing entry, indicated by '[MISSING]'. Only the filled-in value is required, not the entire table. Return the final result as JSON in the format {""value"": ""<value filled in>""}.\nIn:\n|Pos|Driver|DQSF|INDY|Pts|\n|---|---|---|---|---|\n|1|Rick Mears|nan|1*|1000|\n|2|Roberto Guerrero|nan|2|800|\n|3|[MISSING]|nan|3|700|\n|4|Al Holbert|nan|4|600|\n|5|Michael Andretti|nan|5|500|\nReturn the final result as JSON in the format {""value"": ""<value filled in>""}.\nOut:";"{""value"": ""Al Unser""}";"{""value"": ""Al Unser""}"
1;"Task: Please determine the matching columns between Table A and Table B. State the corresponding columns in Table B for each of the columns in Table A. If a column in Table A has no counterpart in Table B, you can map it to None. Represent the mappings using a list of column headers in the format [Table A Column, Table B Column or None]. Provide the mappings for each Table A column and assemble them into a list Return the final result as JSON in the format {""column_mappings"": ""<a list of column pairs>""}.\n## Input:\nTable A:\n|Location|Status|Age|Name|Unit|\n|---|---|---|---|---|\n|Uzbekistan|Valid|Turonian|Nesovtriton|Bissekty Formation|\n|Brazil|Valid|Lower Cretaceous|Cratia|Crato Formation|\nTable B:\n|Geographic Location|Species Name|Geological Unit|Contributors|\n|---|---|---|---|\n|USA|Nannaroter|nan|Anderson Scott Reisz|\n|Brazil|Eurycephalella|Crato Formation|Báez Moura Gómez|\n|China|Regalerpeton|Huajiying Formation|Zhang Wang Jones Evans|\nReturn the final result as JSON in the format {""column_mappings"": ""<a list of column pairs>""}.\n## Output:";"{""column_mappings"": [[""Location"", ""Geographic Location""], [""Status"", ""None""], [""Age"", ""None""], [""Name"", ""Species Name""], [""Unit"", ""Geological Unit""]]}";"{""column_mappings"": [[""Location"", ""Geographic Location""], [""Status"", ""None""], [""Age"", ""None""], [""Name"", ""Species Name""], [""Unit"", ""Geological Unit""]]}"
2;"Task: Take a look at the table of inputs and outputs in two columns. Analyze the patterns based on the initial rows and compute the output value for the last row labeled as '[Output Value].' Provide only the output value and do not include any other data. Return the final result as JSON in the format {""output_value"": ""<output value transformed from the input value>""}.\nIn:\n|Input|Output|\n|---|---|\n|1:37,525|1:37.525|\n|1:39,093|1:39.093|\n|1:37,929|1:37.929|\n|1:39,071|1:39.071|\n|1:38,670|1:38.670|\n|1:38,393|1:38.393|\n|1:38,426|1:38.426|\n|1:38,378|1:38.378|\n|1:38,549|[Output Value]|\nReturn the final result as JSON in the format {""output_value"": ""<output value transformed from the input value>""}.\nOut:";"{""output_value"": ""1:38.549""}";"{""output_value"": ""1:38.549""}"
3;"Task: Locate the corresponding columns in Table B that match with those in Table A. For each column in Table A, provide the corresponding column in Table B. If a column in A doesn't have a corresponding column in Table B, you can map it to None. Represent the mappings using pairs of column headers in a list format, like [Table A Column, Table B Column or None]. Provide the mappings for each column in Table A and compile them into a list Return the final result as JSON in the format {""column_mappings"": ""<a list of column pairs>""}.\nQ:\nTable A:\n|Episodes(14)|Episodes(7)|Episodes(4)|Episodes(10)|Episodes(11)|Episodes(3)|Episodes(6)|Episodes(9)|Episodes(2)|Order|Episodes(5)|Episodes(12)|\n|---|---|---|---|---|---|---|---|---|---|---|---|\n|Triinu|Triinu|Lisann|Keiu|Keiu|Evelin|Ksenia|Keiu|Aleksandra|3|Keiu|Helina|\n|Keiu|Ksenia|Xena|Lisann|Triinu|Helina|Lisann|Lisann|Triinu|4|Mari|Triinu|\nTable B:\n|Episode 9|Series|Episode 3|Episode 2|Episode 10|Episode 4|Episode 5|Episode 11|Episode 12|Episode 7|Episode 14|Episode 6|\n|---|---|---|---|---|---|---|---|---|---|---|---|\n|Triinu|2|Aleksandra|Helina|Triinu|Evelin|Adeline Ksenia|Helina|Keiu|Keiu|Xena|Keiu|\n|Ksenia|5|Triinu|Keiu|Xena|Anita|Triinu|Lisann|nan|Helina|nan|Xena|\n|Helina|1|Keiu|Xena|Helina|Triinu|Adeline Ksenia|Xena|Xena|Lisann|Helina|Helina|\nReturn the final result as JSON in the format {""column_mappings"": ""<a list of column pairs>""}.\nA:";"{""column_mappings"": [[""Episodes(14)"", ""Episode 14""], [""Episodes(7)"", ""Episode 7""], [""Episodes(4)"", ""Episode 4""], [""Episodes(10)"", ""Episode 10""], [""Episodes(11)"", ""Episode 11""], [""Episodes(3)"", ""Episode 3""], [""Episodes(6)"", ""Episode 6""], [""Episodes(9)"", ""Episode 9""], [""Episodes(2)"", ""Episode 2""], [""Order"", ""Series""], [""Episodes(5)"", ""Episode 5""], [""Episodes(12)"", ""Episode 12""]]}";"{""column_mappings"": [[""Episodes(14)"", ""Episode 14""], [""Episodes(7)"", ""Episode 7""], [""Episodes(4)"", ""Episode 4""], [""Episodes(10)"", ""Episode 10""], [""Episodes(11)"", ""Episode 11""], [""Episodes(3)"", ""Episode 3""], [""Episodes(6)"", ""Episode 6""], [""Episodes(9)"", ""Episode 9""], [""Episodes(2)"", ""Episode 2""], [""Order"", ""Series""], [""Episodes(5)"", ""Episode 5""], [""Episodes(12)"", ""Episode 12""]]}"
4;"Objective: Discover the columns in Table B that match with those in Table A. For each column present in Table A, specify the corresponding column present in Table B. If a column in Table A doesn't have a corresponding column in Table B, you can represent it as None. Use pairs of column headers in a list format, like [Table A Column, Table B Column or None], to express each mapping. List out the mappings for each column in Table A and compile them in a list Return the final result as JSON in the format {""column_mappings"": ""<a list of column pairs>""}.\nQuestion:\nTable A:\n|Name|Weight|Position|Year|Height|High School/Last College|Number|Hometown|\n|---|---|---|---|---|---|---|---|\n|Eric Boateng|245|Center|Senior|6–10|Duke University|2|London, England|\n|Derek Glasser|190|Guard|Senior|6–1|Artesia HS|12|Marina Del Rey, CA|\nTable B:\n|Academic Year|Stature|Previous School|Role|Player Number|\n|---|---|---|---|---|\n|Senior|6–9|Etiwanda HS|Forward|4|\n|Junior|6–3|Desert Vista High School|Guard|3|\n|Junior|6–2|O'Dea HS|Guard|10|\nReturn the final result as JSON in the format {""column_mappings"": ""<a list of column pairs>""}.\nAnswer:";"{""column_mappings"": [[""Name"", ""None""], [""Weight"", ""None""], [""Position"", ""Role""], [""Year"", ""Academic Year""], [""Height"", ""Stature""], [""High School/Last College"", ""Previous School""], [""Number"", ""Player Number""], [""Hometown"", ""None""]]}";"{""column_mappings"": [[""Name"", ""None""], [""Weight"", ""None""], [""Position"", ""Role""], [""Year"", ""Academic Year""], [""Height"", ""Stature""], [""High School/Last College"", ""Previous School""], [""Number"", ""Player Number""], [""Hometown"", ""None""]]}"
5;"Description: Kindly analyze the input table and inform me about any cell or cells that contain errors. If there are multiple cells containing errors, list them. If no cells contain errors, state 'None'. Only provide the cells you have a high degree of confidence in identifying as erroneous. Return the final result as JSON in the format {""erroneous_cells"": ""<a list of erroneous cells or None>""}.  Let's think step by step and show your reasoning before showing the final result.\nQ:\n|Elected|Constituency|Party|\n|---|---|---|\n|Edwin Ochieng Iynda|Alego|ODM|\n|Christopher Mogere Obure|Bobasi|ODM|\n|Joel Onyancha|Bommachoge|FORD P|\n|Charles Onyancha|Bonchari|ODM|\n|Oburu Odinga|Bondo|ODM|\nLet's think step by step and show your reasoning before showing the final result. Return the final result as JSON in the format {""erroneous_cells"": ""<a list of erroneous cells or None>""}.\nA:";"The cell ""Edwin Ochieng Iynda"" is misspelled and should be ""Edwin Ochieng Yinda"". The cell ""Bommachoge"" is misspelled and should be ""Bomachoge"". Therefore, the answer is {""erroneous_cells"": [""Edwin Ochieng Iynda"", ""Bommachoge""]}";"The cell ""FORD P"" is misspelled and should be ""FORD"". Therefore, the answer is {""erroneous_cells"": [""FORD P""]}"
6;"Objective: Use the table given with inputs and outputs in two columns to identify patterns based on the first few rows. Afterward, predict the value for the last row denoted as '[Output Value].' Please only return the output value and exclude all other details. Return the final result as JSON in the format {""output_value"": ""<output value transformed from the input value>""}.\nQ:\n|Input|Output|\n|---|---|\n|Gail Devers|Gail Devers (USA)|\n|Gwen Torrence|Gwen Torrence (USA)|\n|Marion Jones|Marion Jones (USA)|\n|Marion Jones|Marion Jones (USA)|\n|Torri Edwards|Torri Edwards (USA)|\n|Carmelita Jeter|[Output Value]|\nReturn the final result as JSON in the format {""output_value"": ""<output value transformed from the input value>""}.\nA:";"{""output_value"": ""Carmelita Jeter (USA)""}";"{""output_value"": ""Carmelita Jeter (USA)""}"
7;"Description: Your job is to write an SQL query while considering the input table and question. Use 'table' as the table name if it helps. Return the final result as JSON in the format {""SQL"": ""<SQL code>""}.\nInput:\n**Input table:**\n|Song title|Artist|Decade|Genre|Single / Pack name|Release date|Family Friendly|Additional Rock Band 3 Features|\n|---|---|---|---|---|---|---|---|\n|""Claudette""|Roy Orbison|1980s|Pop-Rock|Roy Orbison 01|Jan.6,2009|Yes|None|\n|"" In Dreams ""|Roy Orbison|1980s|Pop-Rock|Roy Orbison 01|Jan.6,2009|Yes|None|\n|"" Mean Woman Blues ""|Roy Orbison|1980s|Pop-Rock|Roy Orbison 01|Jan.6,2009|Yes|None|\n|"" Oh, Pretty Woman ""|Roy Orbison|1980s|Pop-Rock|Roy Orbison 01|Jan.6,2009|Yes|None|\n|""Ooby Dooby""|Roy Orbison|1980s|Pop-Rock|Roy Orbison 01|Jan.6,2009|Yes|None|\n**Question:**\nWhat is the artist of the song ""sugarbaby""?\nReturn the final result as JSON in the format {""SQL"": ""<SQL code>""}.\nOutput:";"{""SQL"": ""SELECT  `Artist` FROM table WHERE `Song title` = \""Sugarbaby\""""}";"{""SQL"": ""SELECT  `Artist` FROM table WHERE `Song title` = \""sugarbaby\""""}"
8;"# Task Description: I would like you to verify whether Book A and Book B are referring to the same entity or not. Your final response should be 'Yes' or 'No'. Return the final result as JSON in the format {""answer"": ""<Yes or No>""}.  Let's think step by step and show your reasoning before showing the final result.\n## Input:\nThe below table depicts Book A.\n|Author|Price|Publisher|Pages|Publication_Date|ISBN13|Title|Dimensions|\n|---|---|---|---|---|---|---|---|\n|Darren Shan|$8.99 |Little, Brown Books for Young Readers|256.0|10/1/02|9780316606844|The Vampire's Assistant (Cirque Du Freak Series #2)|5.50(w) x 8.20(h) x 0.70(d)|\nThe following table provides details of Book B.\n|NewPrice|UsedPrice|ISBN13|Publisher|Title|ISBN10|Dimensions|Author|Pages|Publication_Date|\n|---|---|---|---|---|---|---|---|---|---|\n|$10.59|$5.79|9780316605106|Little, Brown Books for Young Readers|A Living Nightmare(Cirque Du Freak: Saga of Darren Shan (Paperback))|0316605107|5.50 x 8.30 x 0.80 inches|Darren Shan|272|Jun. 1st, 2002|\nLet's think step by step and show your reasoning before showing the final result. Return the final result as JSON in the format {""answer"": ""<Yes or No>""}.\n## Output:";"Book A and Book B are both written by Darren Shan and are part of the Cirque Du Freak series. However, Book A is titled ""The Vampire's Assistant"" and has an ISBN13 of 9780316606844, while Book B is titled ""A Living Nightmare"" and has an ISBN13 of 9780316605106. Additionally, Book A has 256 pages and dimensions of 5.50(w) x 8.20(h) x 0.70(d), while Book B has 272 pages and dimensions of 5.50 x 8.30 x 0.80 inches. Therefore, the final answer is {""answer"": ""No""}.";"Book A and Book B are both written by Darren Shan and are part of the Cirque Du Freak series. However, Book A is titled ""The Vampire's Assistant"" and has an ISBN13 of 9780316606844, while Book B is titled ""A Living Nightmare"" and has an ISBN13 of 9780316605106. Additionally, Book A has 256 pages and dimensions of 5.50(w) x 8.20(h) x 0.70(d), while Book B has 272 pages and dimensions of 5.50 x 8.30 x 0.80 inches. Therefore, the final answer is {""answer"": ""No""}."
9;"Description: Take the list provided and transform it into a table with several columns. The table should be in plain text format, with vertical bars (|) as column dividers and a new line for each row. Return the final result as JSON in the format {""table"": ""<table transformed from the list>""}.\n[Q]:\nUser E-mail Number Zipcode Country City Street - Name Street - Number\n71A5M0@MQ25YM.QEOZMUI 2 32206 Canada Rochester Arthog 402\n4LHD7A@1W08OVZU2.RYG49JO 4 83590 Brazil Garland Betws-y-Coed 283\n5S046Q@DAR9SG.N0VUFZ 4 4199 Brazil Akron Strathpeffer 991\n01E8TAAKZ@DETX2CV0Z.QJDFU4 5 81279 Argentina Lincoln Aboyne 209\n3GLYXW@C13C8DNY.S7E1Y905 4 17931 Bangladesh Toledo Farnham 186\n[A]:\n{""table"": ""|User E-mail|Number|Zipcode|Country|City|Street - Name|Street - Number|\n|---|---|---|---|---|---|---|\n|71A5M0@MQ25YM.QEOZMUI|2|32206|Canada|Rochester|Arthog|402|\n|4LHD7A@1W08OVZU2.RYG49JO|4|83590|Brazil|Garland|Betws-y-Coed|283|\n|5S046Q@DAR9SG.N0VUFZ|4|4199|Brazil|Akron|Strathpeffer|991|\n|01E8TAAKZ@DETX2CV0Z.QJDFU4|5|81279|Argentina|Lincoln|Aboyne|209|\n|3GLYXW@C13C8DNY.S7E1Y905|4|17931|Bangladesh|Toledo|Farnham|186|\n""}\n[Q]:\nPlayer Team Reason Announcement date Replacement Signing date\nMarcus Stoinis Kings XI Punjab Shoulder injury 6 May 2017 nan nan\nMitchell Marsh Rising Pune Supergiant Shoulder injury 12 March 2017 Imran Tahir 23 March 2017\nMurali Vijay Kings XI Punjab Wrist and shoulder injury 4 April 2017 Ishant Sharma 4 April 2017\nNathu Singh Gujarat Lions Back spasms 5 May 2017 nan nan\nQuinton de Kock Delhi Daredevils Finger injury 24 March 2017 Marlon Samuels 27 April 2017\n[A]:\n{""table"": ""|Player|Team|Reason|Announcement date|Replacement|Signing date|\n|---|---|---|---|---|---|\n|Marcus Stoinis|Kings XI Punjab|Shoulder injury|6 May 2017|nan|nan|\n|Mitchell Marsh|Rising Pune Supergiant|Shoulder injury|12 March 2017|Imran Tahir|23 March 2017|\n|Murali Vijay|Kings XI Punjab|Wrist and shoulder injury|4 April 2017|Ishant Sharma|4 April 2017|\n|Nathu Singh|Gujarat Lions|Back spasms|5 May 2017|nan|nan|\n|Quinton de Kock|Delhi Daredevils|Finger injury|24 March 2017|Marlon Samuels|27 April 2017|\n""}\n[Q]:\nOrder Episodes(1) Episodes(10) Episodes(12) Episodes(13) Episodes(2) Episodes(3) Episodes(4) Episodes(5) Episodes(6) Episodes(7) Episodes(8) Episodes(9)\n5 Jessica Aastha nan nan Kate Filantropi Melissa Rachel Melissa Sofia Sofia Stephanie Stephanie\n6 Aastha nan nan nan Trang Sofia Jessica Stephanie Helena Helena Sofia Stephanie Helena\n7 Monica nan nan nan Bei Si Melissa Rachel Sofia Kate Melissa nan nan\n8 Filantropi nan nan nan Melissa Jessica Helena Melissa Rachel nan nan nan\n12 Jee nan nan nan Monica Bei Si nan nan nan nan nan nan\nReturn the final result as JSON in the format {""table"": ""<table transformed from the list>""}.\n[A]:";"{""table"": ""|Order|Episodes(1)|Episodes(10)|Episodes(12)|Episodes(13)|Episodes(2)|Episodes(3)|Episodes(4)|Episodes(5)|Episodes(6)|Episodes(7)|Episodes(8)|Episodes(9)|\n|---|---|---|---|---|---|---|---|---|---|---|---|---|\n|5|Jessica|Aastha|nan|nan|Kate|Filantropi|Melissa|Rachel|Melissa|Sofia|Sofia Stephanie|Stephanie|\n|6|Aastha|nan|nan|nan|Trang|Sofia|Jessica|Stephanie|Helena|Helena|Sofia Stephanie|Helena|\n|7|Monica|nan|nan|nan|Bei Si|Melissa|Rachel|Sofia|Kate|Melissa|nan|nan|\n|8|Filantropi|nan|nan|nan|Melissa|Jessica|Helena|Melissa|Rachel|nan|nan|nan|\n|12|Jee|nan|nan|nan|Monica|Bei Si|nan|nan|nan|nan|nan|nan|\n""}";"{""table"": ""|Order|Episodes(1)|Episodes(10)|Episodes(12)|Episodes(13)|Episodes(2)|Episodes(3)|Episodes(4)|Episodes(5)|Episodes(6)|Episodes(7)|Episodes(8)|Episodes(9)|\n|---|---|---|---|---|---|---|---|---|---|---|---|---|\n|5|Jessica|Aastha|nan|nan|Kate|Filantropi|Melissa|Rachel|Melissa|Sofia|Sofia|Stephanie|Stephanie|\n|6|Aastha|nan|nan|nan|Trang|Sofia|Jessica|Stephanie|Helena|Helena|Stephanie|Helena|\n|7|Monica|nan|nan|nan|Bei Si|Melissa|Rachel|Sofia|Kate|Melissa|nan|nan|\n|8|Filantropi|nan|nan|nan|Melissa|Jessica|Helena|Melissa|Rachel|nan|nan|nan|nan|\n|12|Jee|nan|nan|nan|Monica|Bei Si|nan|nan|nan|nan|nan|nan|\n""}"
10;"Objective: Find the corresponding columns between Table A and Table B. Specify the related columns in Table B for each column listed in Table A. If a column in Table A has no corresponding match in Table B, you can represent it as None. Utilize pairs of column headers within a list structure, like [Table A Column, Table B Column or None], to illustrate each mapping. Present the mappings for all the columns in Table A and compile them into a list Return the final result as JSON in the format {""column_mappings"": ""<a list of column pairs>""}.\nIn:\nTable A:\n|Funding|District|Website|Province Hamza bin sohail|No.|\n|---|---|---|---|---|\n|Public|Karachi|duhs.edu.pk|Sindh|21|\n|Public|Karachi|duhs.edu.pk|Sindh|20|\nTable B:\n|Official Website|Source of Funding|State|City|Year of Establishment|Institution Name|\n|---|---|---|---|---|---|\n|kmdc.edu.pk|Public|Sindh|Karachi|1991|UoK|\n|lumhs.edu.pk|Public|Sindh|Jamshoro|1951|LUMHS|\nReturn the final result as JSON in the format {""column_mappings"": ""<a list of column pairs>""}.\nOut:";"{""column_mappings"": [[""Funding"", ""Source of Funding""], [""District"", ""City""], [""Website"", ""Official Website""], [""Province Hamza bin sohail"", ""State""], [""No."", ""None""]]}";"{""column_mappings"": [[""Funding"", ""Source of Funding""], [""District"", ""City""], [""Website"", ""Official Website""], [""Province Hamza bin sohail"", ""State""], [""No."", ""None""]]}"
11;"Instruction: I'd appreciate it if you could move the column ""Lizard lick Towing(Season 1)"" in the table to the leftmost position. Share the table after the move.\n[Q]:\n|Cast member|Lizard lick Towing(Season 1)|Lizard lick Towing(Season 2)|Lizard lick Towing(Season 3)|Lizard lick Towing(Season 4)|Lick Life(Season 1)|\n|---|---|---|---|---|---|\n|Johnny Reynolds|Recurring|Recurring|Recurring|Recurring|nan|\n|Grace|Recurring|Recurring|Recurring|Recurring|nan|\n|Cassie|Recurring|Recurring|Recurring|Recurring|nan|\n|Earl|nan|nan|nan|Recurring|nan|\n|Micky Visser|Guest|Guest|Guest|Guest|nan|\n[A]:\n|Lizard lick Towing(Season 1)|Cast member|Lizard lick Towing(Season 2)|Lizard lick Towing(Season 3)|Lizard lick Towing(Season 4)|Lick Life(Season 1)|\n|---|---|---|---|---|---|\n|Recurring|Johnny Reynolds|Recurring|Recurring|Recurring|nan|\n|Recurring|Grace|Recurring|Recurring|Recurring|nan|\n|Recurring|Cassie|Recurring|Recurring|Recurring|nan|\n|nan|Earl|nan|nan|Recurring|nan|\n|Guest|Micky Visser|Guest|Guest|Guest|nan|\n[Q]:\n|Cast member|Lizard lick Towing(Season 1)|Lizard lick Towing(Season 2)|Lizard lick Towing(Season 3)|Lizard lick Towing(Season 4)|Lick Life(Season 1)|\n|---|---|---|---|---|---|\n|Micky Visser|Guest|Guest|Guest|Guest|nan|\n|Earl|nan|nan|nan|Recurring|nan|\n|Cassie|Recurring|Recurring|Recurring|Recurring|nan|\n|Johnny Reynolds|Recurring|Recurring|Recurring|Recurring|nan|\n|Grace|Recurring|Recurring|Recurring|Recurring|nan|\n[A]:\n|Lizard lick Towing(Season 1)|Cast member|Lizard lick Towing(Season 2)|Lizard lick Towing(Season 3)|Lizard lick Towing(Season 4)|Lick Life(Season 1)|\n|---|---|---|---|---|---|\n|Guest|Micky Visser|Guest|Guest|Guest|nan|\n|nan|Earl|nan|nan|Recurring|nan|\n|Recurring|Cassie|Recurring|Recurring|Recurring|nan|\n|Recurring|Johnny Reynolds|Recurring|Recurring|Recurring|nan|\n|Recurring|Grace|Recurring|Recurring|Recurring|nan|\n[Q]:\n|Cast member|Lizard lick Towing(Season 1)|Lizard lick Towing(Season 2)|Lizard lick Towing(Season 3)|Lizard lick Towing(Season 4)|Lick Life(Season 1)|\n|---|---|---|---|---|---|\n|Ronnie Dishman|Main|Main|Main|Main|Main|\n|Amy Vaughn Shirley|Main|Main|Main|Main|Main|\n|Big Juicy|Recurring|Main|Main|Main|Main|\n|Bobby Brantley|Main|Main|Main|Main|nan|\n|Krazy Dave Eckler|Main|Main|Main|Main|nan|\n[A]:";"|Lizard lick Towing(Season 1)|Cast member|Lizard lick Towing(Season 2)|Lizard lick Towing(Season 3)|Lizard lick Towing(Season 4)|Lick Life(Season 1)|\n|---|---|---|---|---|---|\n|Main|Ronnie Dishman|Main|Main|Main|Main|\n|Main|Amy Vaughn Shirley|Main|Main|Main|Main|\n|Recurring|Big Juicy|Main|Main|Main|Main|\n|Main|Bobby Brantley|Main|Main|Main|nan|\n|Main|Krazy Dave Eckler|Main|Main|Main|nan|";"|Lizard lick Towing(Season 1)|Cast member|Lizard lick Towing(Season 2)|Lizard lick Towing(Season 3)|Lizard lick Towing(Season 4)|Lick Life(Season 1)|\n|---|---|---|---|---|---|\n|Main|Ronnie Dishman|Main|Main|Main|Main|\n|Main|Amy Vaughn Shirley|Main|Main|Main|Main|\n|Recurring|Big Juicy|Main|Main|Main|Main|\n|Main|Bobby Brantley|Main|Main|Main|nan|\n|Main|Krazy Dave Eckler|Main|Main|Main|nan|"
12;"Description: Kindly arrange the table by sorting it based on column ""Type"" in alphabetical ascending order. After the sorting, please provide the updated table.\n[Q]:\n|Year|Type|Work|First appeared in|\n|---|---|---|---|\n|1939|Novella|Komalathin Kobam|Kudi arasu|\n|1939|Novella|Kabothipura Kadhal|Kudi arasu|\n|1942|Novella|Kumasthavin penn or|Dravida Nadu';|\n|1942|Novella|Kalingarani|Dravida Nadu|\n|1943|Novella|Parvathi B.A|Dravida Nadu|\n[A]:";"|Year|Type|Work|First appeared in|\n|---|---|---|---|\n|1939|Novella|Komalathin Kobam|Kudi arasu|\n|1939|Novella|Kabothipura Kadhal|Kudi arasu|\n|1942|Novella|Kumasthavin penn or|Dravida Nadu';|\n|1942|Novella|Kalingarani|Dravida Nadu|\n|1943|Novella|Parvathi B.A|Dravida Nadu|";"|Year|Type|Work|First appeared in|\n|---|---|---|---|\n|1942|Novella|Kalingarani|Dravida Nadu|\n|1942|Novella|Kumasthavin penn or|Dravida Nadu';|\n|1939|Novella|Komalathin Kobam|Kudi arasu|\n|1939|Novella|Kabothipura Kadhal|Kudi arasu|\n|1943|Novella|Parvathi B.A|Dravida Nadu|\nAfter sorting by ""Type"" in alphabetical ascending order:\n1. Novella (Kalingarani, Kumasthavin penn or)\n2. Novella (Komalathin Kobam, Kabothipura Kadhal)\n3. Novella (Parvathi B.A)\nUpdated table (alphabetically sorted by ""Type""):\n|Year|Type|Work|First appeared in|\n|---|---|---|---|\n|1942|Novella|Kalingarani|Dravida Nadu|\n|1942|Novella|Kumasthavin penn or|Dravida Nadu';|\n|1939|Novella|Komalathin Kobam|Kudi arasu|\n|1939|Novella|Kabothipura Kadhal|Kudi arasu|\n|1943|Novella|Parvathi B.A|Dravida Nadu|"
13;"Instruction: Create a new additional column for the input table and append it to the right. Share the modified table, which includes the new column.\nQuestion:\n|Week #|Judges' score(Inaba)|Judges' score(Hough)|Judges' score(Tonioli)|\n|---|---|---|---|\n|1|8|7|7|\n|2|8 7|7 7|8 8|\n|3|8|81/9|8|\n|4|8|8|8|\n|52|8|7/73|7|\n|6|8|8/74|7|\n|7|9 9|8 10|8 9|\n|8|9 No|8 Given|8 Points|\n|9|8 8|8 8|8 8|\n|10 Semi-finals|10 No 9|10 Given 9|10 Points 9|\nAnswer:\n|Week #|Judges' score(Inaba)|Judges' score(Hough)|Judges' score(Tonioli)|Result|\n|---|---|---|---|---|\n|1|8|7|7|No Elimination|\n|2|8 7|7 7|8 8|Safe|\n|3|8|81/9|8|Safe|\n|4|8|8|8|Safe|\n|52|8|7/73|7|Safe|\n|6|8|8/74|7|Safe|\n|7|9 9|8 10|8 9|Safe|\n|8|9 No|8 Given|8 Points|Safe|\n|9|8 8|8 8|8 8|Safe|\n|10 Semi-finals|10 No 9|10 Given 9|10 Points 9|No Elimination|\nQuestion:\n|Date|Gasoline Price|\n|---|---|\n|2009-01-01 00:00:00.000|1.912|\n|2009-02-01 00:00:00.000|1.882|\n|2009-03-01 00:00:00.000|1.972|\n|2009-04-01 00:00:00.000|2.021|\n|2009-05-01 00:00:00.000|2.361|\n|2009-06-01 00:00:00.000|2.713|\n|2009-07-01 00:00:00.000|2.492|\n|2009-08-01 00:00:00.000|2.571|\n|2009-09-01 00:00:00.000|2.473|\n|2009-10-01 00:00:00.000|2.541|\nAnswer:\n|Date|Gasoline Price|State|\n|---|---|---|\n|2009-01-01 00:00:00.000|1.912|Ohio|\n|2009-02-01 00:00:00.000|1.882|Ohio|\n|2009-03-01 00:00:00.000|1.972|Ohio|\n|2009-04-01 00:00:00.000|2.021|Ohio|\n|2009-05-01 00:00:00.000|2.361|Ohio|\n|2009-06-01 00:00:00.000|2.713|Ohio|\n|2009-07-01 00:00:00.000|2.492|Ohio|\n|2009-08-01 00:00:00.000|2.571|Ohio|\n|2009-09-01 00:00:00.000|2.473|Ohio|\n|2009-10-01 00:00:00.000|2.541|Ohio|\nQuestion:\n|Year|Title|Peak positions(KOR)|\n|---|---|---|\n|2012|Into The Storm|49.0|\n|2012|My Love|80.0|\n|2012|Shut Up|87.0|\n|2012|Evening Sky|21.0|\n|2013|nan|nan|\n|2013|How Could You Do This To Me|21.0|\n|2013|Scandal|71.0|\n|2013|I'll Be Ok|94.0|\n|2013|Rainy Day|30.0|\n|2013|NoNoNo|20.0|\nAnswer:";"|Year|Title|Peak positions(KOR)|Album|\n|---|---|---|---|\n|2012|Into The Storm|49.0|Invitation|\n|2012|My Love|80.0|Invitation|\n|2012|Shut Up|87.0|Invitation|\n|2012|Evening Sky|21.0|Invitation|\n|2013|nan|nan|Invitation|\n|2013|How Could You Do This To Me|21.0|A's Doll House|\n|2013|Scandal|71.0|A's Doll House|\n|2013|I'll Be Ok|94.0|A's Doll House|\n|2013|Rainy Day|30.0|A's Doll House|\n|2013|NoNoNo|20.0|A's Doll House|";"|Year|Title|Peak positions(KOR)|Album|\n|---|---|---|---|\n|2012|Into The Storm|49.0|Born Pink|\n|2012|My Love|80.0|2gether|\n|2012|Shut Up|87.0|2gether|\n|2012|Evening Sky|21.0|2gether|\n|2013|nan|nan|2gether|\n|2013|How Could You Do This To Me|21.0|A'wesome|\n|2013|Scandal|71.0|A'wesome|\n|2013|I'll Be Ok|94.0|Singular|\n|2013|Rainy Day|30.0|Singular|\n|2013|NoNoNo|20.0|NoNoNo|"
14;"Description: I request an examination of the input table to identify any cell or cells with errors. Should multiple cells contain errors, compile them into a list. If no cells contain errors, reply with 'None'. Share only those cells for which you have a high level of confidence in their error status. Return the final result as JSON in the format {""erroneous_cells"": ""<a list of erroneous cells or None>""}.  Let's think step by step and show your reasoning before showing the final result.\n## Input:\n|Actor|Character|Rank|\n|---|---|---|\n|Michael A. Nickles|Paul Galvan|Private First Class|\n|Don Cheadle|David Washburn|Private First Class|\n|Tim Quill|Joseph Beletsky|Private First Class|\n|Michael Boatman|Ary Motown|Specialist Four|\n## Output:\nThe cell ""Ary Motown"" is misspelled and should be ""Ray Motown"". Therefore, the answer is {""erroneous_cells"": [""Ary Motown""]}\n## Input:\n|Actor|Character|Rank|\n|---|---|---|\n|Tegan West|Terry Eden|Second Lieutenant|\n|Steven Weber|Dennis Worcester|Sergeant First Class|\n|Dylan McDermott|Adam Frantz|Staff Sergeant|\n|Don James|Elliott McDaniel|Sergeant|\n|Courtney B. Vance|Abraham 'Doc' Johnson|Specialist Four|\nLet's think step by step and show your reasoning before showing the final result. Return the final result as JSON in the format {""erroneous_cells"": ""<a list of erroneous cells or None>""}.\n## Output:";"All cells in the table seem to be correct and no apparent error is found. Therefore, the final answer is {""erroneous_cells"": ""None""}";"All cells in the table seem to be correct and no apparent error is found. Therefore, the final answer is {""erroneous_cells"": ""None""}"
15;"Description: You are tasked with supplying the missing data in the input table, denoted by '[MISSING]'. Provide solely the value you inserted, not the whole table. Return the final result as JSON in the format {""value"": ""<value filled in>""}.\n[Q]:\n|Director|Opening|Genre|\n|---|---|---|\n|Nagathihalli Chandrashekar|18th|Satirical comedy|\n|Mohan Shankar|23rd|Action, Drama|\n|[MISSING]|6th|Action|\n|Baraguru Ramachandrappa|8th|Drama|\n|Mahesh Babu|2nd|Drama|\n[A]:\n{""value"": ""Sharan""}\n[Q]:\n|Director|Opening|Genre|\n|---|---|---|\n|Suresh Goswami|16th|Crime, Romance|\n|Raghavendra Kamath|18th|Drama|\n|Madhusudhan|23rd|Suspense thriller|\n|Duniya Soori|1st|Action|\n|[MISSING]|23rd|Action, Drama|\n[A]:\n{""value"": ""Mohan Shankar""}\n[Q]:\n|Director|Opening|Genre|\n|---|---|---|\n|Om Prakash Rao|10th|Action|\n|[MISSING]|27th|Action- Thriller|\n|Manoj Sathi|23rd|Family Drama|\n|Indrajith Lankesh|6th|Romance|\n|Kavita Lankesh|8th|Romance|\n[A]:\n{""value"": ""P. Vasu""}\n[Q]:\n|Director|Opening|Genre|\n|---|---|---|\n|Anil Kumar|6th|Action|\n|[MISSING]|6th|Drama|\n|G. K. Mudduraj|6th|Action|\n|Vijaya Prasad|13th|Drama|\n|R. Chandru|13th|Comedy, Drama|\nReturn the final result as JSON in the format {""value"": ""<value filled in>""}.\n[A]:";"{""value"": ""K. Sadashiva Shenoy""}";"{""value"": ""K. S. R. Manohar""}"
16;"Task: Generate a fresh row for the input table and add it at the end. Show the updated table with the newly created row.\n## Input:\n|Year|Name|Status|\n|---|---|---|\n|1939|Hattie McDaniel|Won|\n|1949|Ethel Waters|Nominated|\n|1959|Juanita Moore|Nominated|\n|1967|Beah Richards|Nominated|\n|1983|Alfre Woodard|Nominated|\n|1985|Margaret Avery|Nominated|\n|1985|Oprah Winfrey|Nominated|\n|1990|Whoopi Goldberg|Won|\n|1996|Marianne Jean-Baptiste|Nominated|\n## Output:\n|Year|Name|Status|\n|---|---|---|\n|1939|Hattie McDaniel|Won|\n|1949|Ethel Waters|Nominated|\n|1959|Juanita Moore|Nominated|\n|1967|Beah Richards|Nominated|\n|1983|Alfre Woodard|Nominated|\n|1985|Margaret Avery|Nominated|\n|1985|Oprah Winfrey|Nominated|\n|1990|Whoopi Goldberg|Won|\n|1996|Marianne Jean-Baptiste|Nominated|\n|2002|Queen Latifah|Nominated|\n## Input:\n|Intelligence Level|% Of Pop. Under Level|Point Value (15SD)|Point Value (16SD)|\n|---|---|---|---|\n|Idiot|~0.0000001%|<10|<4|\n|Profound Moron|~0.000001%|<16|<10|\n|Exceptional Moron|~0.00001%|<22|<17|\n|Moron|~0.0001%|<29|<24|\n|Extremely Retarded|~0.001%|<36|<32|\n|Highly Retarded|~0.01%|<44|<40|\n|Retarded|~0.1%|<54|<50|\n|Significantly Below Average|~1%|<65|<63|\n|Below Average|~10%|<81|<79|\n## Output:\n|Intelligence Level|% Of Pop. Under Level|Point Value (15SD)|Point Value (16SD)|\n|---|---|---|---|\n|Idiot|~0.0000001%|<10|<4|\n|Profound Moron|~0.000001%|<16|<10|\n|Exceptional Moron|~0.00001%|<22|<17|\n|Moron|~0.0001%|<29|<24|\n|Extremely Retarded|~0.001%|<36|<32|\n|Highly Retarded|~0.01%|<44|<40|\n|Retarded|~0.1%|<54|<50|\n|Significantly Below Average|~1%|<65|<63|\n|Below Average|~10%|<81|<79|\n|Average|~50%|~100|~100|\n## Input:\n|Nationality|From|To|P|W|L|D|Win %|\n|---|---|---|---|---|---|---|---|\n|England|May 1920|May 1925|219.0|83.0|85.0|51.0|38%|\n|England|May 1925|October 1930|235.0|108.0|78.0|49.0|46%|\n|England|February 1931|March 1935|187.0|73.0|72.0|42.0|39%|\n|England|March 1935|March 1937|94.0|41.0|37.0|16.0|44%|\n|England|April 1937|September 1939|92.0|35.0|40.0|17.0|38%|\n|England|August 1939|March 1949|131.0|45.0|53.0|33.0|34%|\n|England|March 1949|July 1954|254.0|108.0|87.0|59.0|43%|\n|England|July 1954|July 1959|241.0|103.0|99.0|39.0|43%|\n|Wales|July 1959|September 1967|375.0|159.0|129.0|87.0|42%|\n## Output:\n|Nationality|From|To|P|W|L|D|Win %|\n|---|---|---|---|---|---|---|---|\n|England|May 1920|May 1925|219.0|83.0|85.0|51.0|38%|\n|England|May 1925|October 1930|235.0|108.0|78.0|49.0|46%|\n|England|February 1931|March 1935|187.0|73.0|72.0|42.0|39%|\n|England|March 1935|March 1937|94.0|41.0|37.0|16.0|44%|\n|England|April 1937|September 1939|92.0|35.0|40.0|17.0|38%|\n|England|August 1939|March 1949|131.0|45.0|53.0|33.0|34%|\n|England|March 1949|July 1954|254.0|108.0|87.0|59.0|43%|\n|England|July 1954|July 1959|241.0|103.0|99.0|39.0|43%|\n|Wales|July 1959|September 1967|375.0|159.0|129.0|87.0|42%|\n|England|September 1967|May 1968|43.0|13.0|17.0|13.0|30%|\n## Input:\n|Proto-Basque|Modern Basque|English|\n|---|---|---|\n|*ardano|ardo|wine|\n|*arrani|arrain|fish|\n|*bene|mehe|thin, slim|\n|*bini|mihi|tongue|\n|*egu-gaitz|ekaitz|storm|\n|*eLana ~ *eNala|elai ~ enara|barn swallow|\n|*gaztana|gazta|cheese|\n|*ini|ihi|rush|\n|*organa|orga|cart|\n## Output:";"|Proto-Basque|Modern Basque|English|\n|---|---|---|\n|*ardano|ardo|wine|\n|*arrani|arrain|fish|\n|*bene|mehe|thin, slim|\n|*bini|mihi|tongue|\n|*egu-gaitz|ekaitz|storm|\n|*eLana ~ *eNala|elai ~ enara|barn swallow|\n|*gaztana|gazta|cheese|\n|*ini|ihi|rush|\n|*organa|orga|cart|\n|*sen-be|seme|son|";"|Proto-Basque|Modern Basque|English|\n|---|---|---|\n|*ardano|ardo|wine|\n|*arrani|arrain|fish|\n|*bene|mehe|thin, slim|\n|*bini|mihi|tongue|\n|*egu-gaitz|ekaitz|storm|\n|*eLana ~ *eNala|elai ~ enara|barn swallow|\n|*gaztana|gazta|cheese|\n|*ini|ihi|rush|\n|*organa|orga|cart|\n|*sorgin|sorgin|witch|"
17;"Task: Discover the columns in Table B that match with those in Table A. For each column present in Table A, specify the corresponding column present in Table B. If a column in Table A doesn't have a corresponding column in Table B, you can represent it as None. Use pairs of column headers in a list format, like [Table A Column, Table B Column or None], to express each mapping. List out the mappings for each column in Table A and compile them in a list Return the final result as JSON in the format {""column_mappings"": ""<a list of column pairs>""}.\n[Q]:\nTable A:\n|Manager1|Team|Captain1|\n|---|---|---|\n|Hervé Della Maggiore|Bourg-Péronnas|Yannick Goyon|\n|Francis De Taddeo|Amiens|Thomas Mienniel|\nTable B:\n|Head Coach|Uniform Supplier|\n|---|---|\n|Denis Renaud|Duarig|\n|Stéphane Rossi|Erreà|\n|Georges Tournay|Uhlsport|\n[A]:\n{""column_mappings"": [[""Manager1"", ""Head Coach""], [""Team"", ""None""], [""Captain1"", ""None""]]}\n[Q]:\nTable A:\n|Round|Circuit|Winning Driver|Pole Position|Date|Winning Team|\n|---|---|---|---|---|---|\n|3|Circuit de Nevers Magny-Cours|Bruno Spengler|Julien Pressac|29 April|Graff Racing|\n|1|Autodromo Nazionale Monza|Augusto Farfus|Eric Salignon|30 March|RC Motorsport|\nTable B:\n|Champion Driver|Race Day|Fastest Lap Time|Champion Team|\n|---|---|---|---|\n|Augusto Farfus|5 May|Augusto Farfus|RC Motorsport|\n|Ronnie Quintarelli|18 May|Ronnie Quintarelli|Cram Competition|\n|Augusto Farfus|14 April|Ronnie Quintarelli|RC Motorsport|\nReturn the final result as JSON in the format {""column_mappings"": ""<a list of column pairs>""}.\n[A]:";"{""column_mappings"": [[""Round"", ""None""], [""Circuit"", ""None""], [""Winning Driver"", ""Champion Driver""], [""Pole Position"", ""None""], [""Date"", ""Race Day""], [""Winning Team"", ""Champion Team""]]}";"{""column_mappings"": [[""Round"", ""None""], [""Circuit"", ""None""], [""Winning Driver"", ""Champion Driver""], [""Pole Position"", ""None""], [""Date"", ""Race Day""], [""Winning Team"", ""Champion Team""]]}"
18;"Instruction: Please write the SQL query given the input table and question. Use 'table' as the table name if needed. Return the final result as JSON in the format {""SQL"": ""<SQL code>""}.\nInput:\n**Input table:**\n|Date|Venue|Score|Result|Competition|\n|---|---|---|---|---|\n|February 18, 2003|Estadio Rommel Fernández , Panama City , Panama|5–0|5–0|Continental qualifier|\n|February 23, 2003|Estadio Rommel Fernández , Panama City , Panama|2–0|2–1|Continental qualifier|\n|June 3, 2004|Estadio Cuscatlán , San Salvador , El Salvador|2–0|3–0|Friendly|\n|September 4, 2010|Lockhart Stadium , Fort Lauderdale , USA|2–0|5–0|Friendly|\n|October 12, 2012|Estadio Mateo Flores , Guatemala City , Guatemala|1–0|2–1|World Cup qualifier|\n**Question:**\nWhat was the score in the Continental Qualifier on February 23, 2003?\nOutput:\n{""SQL"": ""SELECT  `Score` FROM table WHERE `Competition` = continental qualifier AND `Date` = february 23, 2003""}\nInput:\n**Input table:**\n|Game|December|Opponent|Score|Location/Attendance|Record|Points|\n|---|---|---|---|---|---|---|\n|26|1|Boston Bruins|0 – 3|Wells Fargo Center (19,684)|15–7–4|34|\n|27|4|New Jersey Devils|5 – 3|Wells Fargo Center (19,657)|16–7–4|36|\n|28|5|@ New York Islanders|3 – 2|Nassau Veterans Memorial Coliseum (7,773)|17–7–4|38|\n|29|8|San Jose Sharks|4 – 5 (SO)|Wells Fargo Center (19,801)|17–7–5|39|\n|30|9|@ Toronto Maple Leafs|4 – 1|Air Canada Centre (19,365)|18–7–5|41|\n**Question:**\nWhat is the location and attendance total from the game on December 1?\nOutput:\n{""SQL"": ""SELECT  `Location/Attendance` FROM table WHERE `December` = 1""}\nInput:\n**Input table:**\n|Player|Nationality|Position|Years for Grizzlies|School/Club Team|\n|---|---|---|---|---|\n|Hakim Warrick|United States|Forward|2005-2009|Syracuse|\n|Earl Watson|United States|Point guard|2002-2005|UCLA|\n|Bonzi Wells|United States|Guard-Forward|2004-2005|Ball State|\n|Doug West|United States|Guard-Forward|1998-2001|Villanova|\n|DeJuan Wheat|United States|Point guard|1998-1999|Louisville|\n**Question:**\nWhat school/club did gerald wilkins attend?\nOutput:\n{""SQL"": ""SELECT  `School/Club Team` FROM table WHERE `Player` = gerald wilkins""}\nInput:\n**Input table:**\n|City of license|Identifier|Frequency|Power|Class|RECNet|\n|---|---|---|---|---|---|\n|Brockville|CBOB-FM|91.9 FM|1,080 s watt|A|Query|\n|Cornwall|CBOC-FM|95.5 FM|3,000 watts|A|Query|\n|Deep River|CBLI|1110 AM|40 watts|LP|Query|\n|Kingston|CBCK-FM|107.5 FM|100,000 watts|C1|Query|\n|Maniwaki, Quebec|CBOM|710 AM|40 watts|LP|Query|\n**Question:**\nWhat is the power that belongs to Class A with an Identifier of CBOC-FM?\nOutput:\n{""SQL"": ""SELECT  `Power` FROM table WHERE `Class` = a AND `Identifier` = cboc-fm""}\nInput:\n**Input table:**\n|Date|Result|Score|Venue|Competition|\n|---|---|---|---|---|\n|01-Jun-62|D|1–1|Tehran , Iran|Friendly|\n|03-Jun-62|L|1–2|Tehran , Iran|Friendly|\n|02-Oct-63|W|4–1|Tehran , Iran|1964 Olympic Games Qualifier|\n|01-Nov-63|L|0–1|Lahore , Pakistan|1964 Olympic Games Qualifier|\n|12-Dec-63|W|4–0|Tehran , Iran|1964 Olympic Games Qualifier|\n**Question:**\nResult of l, and a Competition of 1966 asian games, and a Score of 0–1 had what date?\nReturn the final result as JSON in the format {""SQL"": ""<SQL code>""}.\nOutput:";"{""SQL"": ""SELECT  `Date` FROM table WHERE `Result` = l AND `Competition` = 1966 asian games AND `Score` = 0\u20131""}";"{""SQL"": ""SELECT  `Date` FROM table WHERE `Result` = l AND `Competition` = 1966 asian games AND `Score` = 0\u20131""}"
19;"Objective: Develop an SQL query with the input table and question in mind. Don't forget to consider using 'table' as the table name if applicable. Return the final result as JSON in the format {""SQL"": ""<SQL code>""}.\nQ:\n**Input table:**\n|Year|Matches|Wins|Losses|No Result|Tied|Success Rate|\n|---|---|---|---|---|---|---|\n|2008|16|9|7|0|0|56.25%|\n|2009|15|8|6|1|0|53.33%|\n|2010|16|9|7|0|0|56.25%|\n|2011|16|11|5|0|0|68.75%|\n|2012|19|19|11|8|0|52.63%|\n**Question:**\nWhat is the average number of ties for years with more than 19 wins?\nReturn the final result as JSON in the format {""SQL"": ""<SQL code>""}.\nA:";"{""SQL"": ""SELECT AVG `Tied` FROM table WHERE `Wins` > 19""}";"{""SQL"": ""SELECT AVG `Tied` FROM table WHERE `Wins` > 19""}"
20;"Objective: You are accountable for providing the missing value in the input table, identified as '[MISSING]'. Share only the value you filled in, not the rest of the table. Return the final result as JSON in the format {""value"": ""<value filled in>""}.\nQ:\n|Year|Player|Nationality|Club|\n|---|---|---|---|\n|2004|Federico Gasperoni|San Marino|Urbino|\n|2011|Paolo Montagna|San Marino|[MISSING]|\n|2005|Marco Casadei|San Marino|Domagnano|\n|2006|Damiano Vannucci|San Marino|Libertas|\n|2008|Nicola Chiaruzzi|San Marino|La Fiorita|\nA:\n{""value"": ""Cosmos""}\nQ:\n|Year|Player|Nationality|Club|\n|---|---|---|---|\n|2015|Adolfo Hirsch|San Marino|[MISSING]|\n|2008|Nicola Chiaruzzi|San Marino|La Fiorita|\n|2007|Massimo Agostini|Italy|Murata|\n|2013|Aldo Simoncini|San Marino|Libertas|\n|2006|Damiano Vannucci|San Marino|Libertas|\nA:\n{""value"": ""Folgore Falciano""}\nQ:\n|Year|Player|Nationality|Club|\n|---|---|---|---|\n|1998|Simone Bianchi|San Marino|Folgore Falciano|\n|1999|Enea Zucchi|San Marino|Domagnano|\n|2000|Evert Zavoli|San Marino|Virtus|\n|2001|Alex Giaquinto|Italy|Tre Penne|\n|2002|Nicola Bacciocchi|San Marino|[MISSING]|\nReturn the final result as JSON in the format {""value"": ""<value filled in>""}.\nA:";"{""value"": ""Domagnano""}";"{""value"": ""Domagnano""}"
21;"Objective: Could you select the row or rows with the value of column ""P"" being ""22"" in the table? Once done, share the table with the selected rows.\nIn:\n|Team|P|CL|CL3|T|A|C|Pen|Pts|CW|CW2|WD4|WD2|WD|LD4|LD2|LD0|\n|---|---|---|---|---|---|---|---|---|---|---|---|---|---|---|---|---|\n|Stamford Bridge|22|3|2|0|3|2|0|97|4|0|1|0|2|1|2|2|\n|Scarborough|22|6|1|0|2|1|0|67|2|0|1|0|2|1|2|4|\n|Castleford|22|8|0|0|2|2|0|60|3|0|0|1|0|1|1|4|\n|Acomb|22|6|0|0|2|3|0|97|1|1|1|0|6|0|1|1|\n|Woodhouse Grange|22|3|0|0|1|3|0|86|2|1|0|2|2|1|3|4|\nOut:\n|Team|P|CL|CL3|T|A|C|Pen|Pts|CW|CW2|WD4|WD2|WD|LD4|LD2|LD0|\n|---|---|---|---|---|---|---|---|---|---|---|---|---|---|---|---|---|\n|Stamford Bridge|22|3|2|0|3|2|0|97|4|0|1|0|2|1|2|2|\n|Scarborough|22|6|1|0|2|1|0|67|2|0|1|0|2|1|2|4|\n|Castleford|22|8|0|0|2|2|0|60|3|0|0|1|0|1|1|4|\n|Acomb|22|6|0|0|2|3|0|97|1|1|1|0|6|0|1|1|\n|Woodhouse Grange|22|3|0|0|1|3|0|86|2|1|0|2|2|1|3|4|\nIn:\n|Team|P|CL|CL3|T|A|C|Pen|Pts|CW|CW2|WD4|WD2|WD|LD4|LD2|LD0|\n|---|---|---|---|---|---|---|---|---|---|---|---|---|---|---|---|---|\n|Scarborough|22|6|1|0|2|1|0|67|2|0|1|0|2|1|2|4|\n|Stamford Bridge|22|3|2|0|3|2|0|97|4|0|1|0|2|1|2|2|\n|Hull|22|6|0|0|1|3|0|104|5|0|1|2|1|2|0|1|\n|Castleford|22|8|0|0|2|2|0|60|3|0|0|1|0|1|1|4|\n|Acomb|22|6|0|0|2|3|0|97|1|1|1|0|6|0|1|1|\nOut:\n|Team|P|CL|CL3|T|A|C|Pen|Pts|CW|CW2|WD4|WD2|WD|LD4|LD2|LD0|\n|---|---|---|---|---|---|---|---|---|---|---|---|---|---|---|---|---|\n|Scarborough|22|6|1|0|2|1|0|67|2|0|1|0|2|1|2|4|\n|Stamford Bridge|22|3|2|0|3|2|0|97|4|0|1|0|2|1|2|2|\n|Hull|22|6|0|0|1|3|0|104|5|0|1|2|1|2|0|1|\n|Castleford|22|8|0|0|2|2|0|60|3|0|0|1|0|1|1|4|\n|Acomb|22|6|0|0|2|3|0|97|1|1|1|0|6|0|1|1|\nIn:\n|Team|P|CL|CL3|T|A|C|Pen|Pts|CW|CW2|WD4|WD2|WD|LD4|LD2|LD0|\n|---|---|---|---|---|---|---|---|---|---|---|---|---|---|---|---|---|\n|Scarborough|22|6|1|0|2|1|0|67|2|0|1|0|2|1|2|4|\n|Stamford Bridge|22|3|2|0|3|2|0|97|4|0|1|0|2|1|2|2|\n|Castleford|22|8|0|0|2|2|0|60|3|0|0|1|0|1|1|4|\n|Woodhouse Grange|22|3|0|0|1|3|0|86|2|1|0|2|2|1|3|4|\n|Hull|22|6|0|0|1|3|0|104|5|0|1|2|1|2|0|1|\nOut:\n|Team|P|CL|CL3|T|A|C|Pen|Pts|CW|CW2|WD4|WD2|WD|LD4|LD2|LD0|\n|---|---|---|---|---|---|---|---|---|---|---|---|---|---|---|---|---|\n|Scarborough|22|6|1|0|2|1|0|67|2|0|1|0|2|1|2|4|\n|Stamford Bridge|22|3|2|0|3|2|0|97|4|0|1|0|2|1|2|2|\n|Castleford|22|8|0|0|2|2|0|60|3|0|0|1|0|1|1|4|\n|Woodhouse Grange|22|3|0|0|1|3|0|86|2|1|0|2|2|1|3|4|\n|Hull|22|6|0|0|1|3|0|104|5|0|1|2|1|2|0|1|\nIn:\n|Team|P|CL|CL3|T|A|C|Pen|Pts|CW|CW2|WD4|WD2|WD|LD4|LD2|LD0|\n|---|---|---|---|---|---|---|---|---|---|---|---|---|---|---|---|---|\n|Harrogate CC|22|3|0|0|0|2|0|166|12|0|0|0|5|0|0|0|\n|York|22|3|0|0|3|1|0|154|11|1|0|1|1|0|0|1|\n|Yorkshire CCC Academy|22|1|1|0|2|3|0|147|7|0|1|1|5|0|0|1|\n|Sheriff Hutton Bridge|22|5|0|0|2|2|0|124|4|1|1|3|3|0|1|0|\n|Driffield Town|22|5|0|0|2|1|0|109|6|0|2|1|1|1|0|3|\nOut:";"|Team|P|CL|CL3|T|A|C|Pen|Pts|CW|CW2|WD4|WD2|WD|LD4|LD2|LD0|\n|---|---|---|---|---|---|---|---|---|---|---|---|---|---|---|---|---|\n|Harrogate CC|22|3|0|0|0|2|0|166|12|0|0|0|5|0|0|0|\n|York|22|3|0|0|3|1|0|154|11|1|0|1|1|0|0|1|\n|Yorkshire CCC Academy|22|1|1|0|2|3|0|147|7|0|1|1|5|0|0|1|\n|Sheriff Hutton Bridge|22|5|0|0|2|2|0|124|4|1|1|3|3|0|1|0|\n|Driffield Town|22|5|0|0|2|1|0|109|6|0|2|1|1|1|0|3|";"|Team|P|CL|CL3|T|A|C|Pen|Pts|CW|CW2|WD4|WD2|WD|LD4|LD2|LD0|\n|---|---|---|---|---|---|---|---|---|---|---|---|---|---|---|---|---|\n|Harrogate CC|22|3|0|0|0|2|0|166|12|0|0|0|5|0|0|0|\n|York|22|3|0|0|3|1|0|154|11|1|0|1|1|0|0|1|\n|Yorkshire CCC Academy|22|1|1|0|2|3|0|147|7|0|1|1|5|0|0|1|\n|Sheriff Hutton Bridge|22|5|0|0|2|2|0|124|4|1|1|3|3|0|1|0|\n|Driffield Town|22|5|0|0|2|1|0|109|6|0|2|1|1|1|0|3|"
22;"Objective: Could you spare a moment to summarize the input table's key findings? Return the final result as JSON in the format {""summary"": ""<summary of table>""}.\nInput:\n|Country|TV Network|Language|Qualifying|Race 1|Race 2|Race 3|\n|---|---|---|---|---|---|---|\n|United Kingdom|ITV4 / ITV4 HD|English|No|Live|Live|Live|\n|United Kingdom|ITV4 / ITV4 HD|English|No|Highlights|Highlights|Highlights|\n|United Kingdom|ITV Sport Website|English|Live|Live|Live|Live|\n|United Kingdom|ITV / ITV HD|English|No|Highlights|Highlights|Highlights|\nReturn the final result as JSON in the format {""summary"": ""<summary of table>""}.\nOutput:";"{""summary"": ""British Touring Car Championship""}";"{""summary"": ""2009 British Touring Car Championship""}"
23;"# Task Description: With the input table data and the list of potential headers, identify the best-fitting column header for each table column using only the candidate headers. Provide the optimal column header for each column, presenting them in a list. Return the final result as JSON in the format {""column_headers"": ""<a list of headers for each column chosen from the candidate list>""}.\nQ:\n**Table Data:**\n||||\n|---|---|---|\n|Philadelphia Phillies|7|14|\n|Detroit Wolverines|1|0|\n|Houston Astros|1|9|\n|Cincinnati Reds|9|15|\n|Milwaukee Brewers|0|3|\n**Candidate column headers:**\n- Playoff appearances\n- Pennants won\n- Team\nA:\n{""column_headers"": [""Team"", ""Pennants won"", ""Playoff appearances""]}\nQ:\n**Table Data:**\n||||||||||\n|---|---|---|---|---|---|---|---|---|\n|26|Kinsman|Engine 26|nan|nan|nan|nan|5|nan|\n|33|Halloran Park|Engine 33|nan|Rescue Squad 2|nan|Battalion 3|3|33.0|\n|30|Glenville|Engine 30|Truck 30|nan|nan|Battalion 6|6|30.0|\n|13|North Broadway|Engine 13|nan|nan|nan|Battalion 2|2|nan|\n|10|University Circle|Engine 10|Tower 10|nan|nan|nan|5|10.0|\n**Candidate column headers:**\n- Chief\n- Rescue Squad\n- Special Unit\n- Unnamed: 0\n- Engine\n- Truck\n- Neighborhood\n- Battalion\n- Medic\nReturn the final result as JSON in the format {""column_headers"": ""<a list of headers for each column chosen from the candidate list>""}.\nA:";"{""column_headers"": [""Unnamed: 0"", ""Neighborhood"", ""Engine"", ""Truck"", ""Rescue Squad"", ""Special Unit"", ""Chief"", ""Battalion"", ""Medic""]}";"{""column_headers"": [""Neighborhood"", ""Chief"", ""Engine"", ""Rescue Squad"", ""Special Unit"", ""Truck"", ""Battalion"", ""Medic"", ""Unnamed: 0""]}"
24;"Objective: After examining the table, could you provide a brief summary of its main points? Return the final result as JSON in the format {""summary"": ""<summary of table>""}.\nQ:\n|Number BR|Number SR|Name|Builder|BOB or WC|Shape|Current Location|\n|---|---|---|---|---|---|---|\n|34007|21C107|Wadebridge|Brighton|West Country|Unrebuilt|Mid Hants Railway|\n|34010|21C110|Sidmouth|Brighton|West Country|Rebuilt|Herston Works, Swanage|\n|34016|21C116|Bodmin|Brighton|West Country|Rebuilt|West Coast Railway's Carnforth|\n|34023|21C123|Blackmoor Vale|Brighton|West Country|Unrebuilt|Bluebell Railway|\n|34027|21C127|Taw Valley|Brighton|West Country|Rebuilt|Severn Valley Railway|\nA:\n{""summary"": ""SR West Country and Battle of Britain classes""}\nQ:\n|Year|Result|Position|GP|W|D*|L|GS|GA|\n|---|---|---|---|---|---|---|---|---|\n|1991|Did Not Qualify|Did Not Qualify|Did Not Qualify|Did Not Qualify|Did Not Qualify|Did Not Qualify|Did Not Qualify|Did Not Qualify|\n|1993|Did Not Qualify|Did Not Qualify|Did Not Qualify|Did Not Qualify|Did Not Qualify|Did Not Qualify|Did Not Qualify|Did Not Qualify|\n|1996|Did Not Qualify|Did Not Qualify|Did Not Qualify|Did Not Qualify|Did Not Qualify|Did Not Qualify|Did Not Qualify|Did Not Qualify|\n|1998|Did Not Enter|Did Not Enter|Did Not Enter|Did Not Enter|Did Not Enter|Did Not Enter|Did Not Enter|Did Not Enter|\n|2000|Did Not Qualify|Did Not Qualify|Did Not Qualify|Did Not Qualify|Did Not Qualify|Did Not Qualify|Did Not Qualify|Did Not Qualify|\nA:\n{""summary"": ""Guadeloupe national football team""}\nQ:\n|Year|President|General Secretary|Secretary|Joint Secretary|Treasurer|Malankara Coordinator|\n|---|---|---|---|---|---|---|\n|2009-10|H G Kuriakose Mor Theophilose|Dn Bobby John Tharayani|Arun George|Prasobh Reji|Jijo Abraham|Dn Thomas Poothicote|\n|2010-11|H G Kuriakose Mor Theophilose|Fr George Vayaliparambil|Prasobh Reji|-|Jijo Abraham|Dn Thomas Poothicote|\n|2011-12|H G Kuriakose Mor Theophilose|Dn Anish K Joy|Thomas Elias|Rukma George|Joseph Renjith|Dn Thomas Poothicote|\n|2012-13|H G Kuriakose Mor Theophilose|Rev Fr Elias Paul|Shinil Thuruthummel|Basil Thambi|Akhil Peediayakkan|Dn Thomas Poothicote|\n|2013-14|H G Kuriakose Mor Theophilose|Rev Fr Elias Paul|Shinil Thuruthummel|Jincy Jose|Akhil Peediayakkan|Dn Thomas Poothicote|\nA:\n{""summary"": ""Mor Gregorios Jacobite Students' Movement""}\nQ:\n|Year|1st Prize|2nd Prize|3rd Prize|4th Prize|5th Prize|6th Prize|\n|---|---|---|---|---|---|---|\n|2016|Yesong Sophie Lee|Kevin Miura|Johan Dalene|NaKyung Kang|Anne Luisa Kramb|--|\n|2014|Rennosuke Fukuda|Daniel Lozakovitj|Ludvig Gudim|Alex Zhou|Jaewon Wee|--|\n|2012|Kevin Zhu|Soo-Been Lee|Taiga Tojo|Grace Clifford|Yehun Jin|--|\n|2010|Kerson Leong|Stephen Waarts|Ji Eun Anna Lee|Taiga Tojo|Callum Smart|--|\n|2008|Chad Hoopes|Dmitry Smirnov|Mindy Chen|Ke Zhu|Seohyun Lim|--|\nReturn the final result as JSON in the format {""summary"": ""<summary of table>""}.\nA:";"{""summary"": ""Yehudi Menuhin International Competition for Young Violinists""}";"{""summary"": ""Asia Pacific Model Railways Competition""}"
25;"Objective: Kindly arrange the table by sorting it based on column ""Population"" in alphabetical ascending order. After the sorting, please provide the updated table.\nQ:\n|Denominations|Population|% of total|\n|---|---|---|\n|Lutherans|215,093|2.2|\n|No religion|1,806,409|18.2|\n|Did not wish to answer|2,698,844|27.1|\n|Other religions|167,231|1.7|\n|Total religions|5,432,375|54.7|\nA:\n|Denominations|Population|% of total|\n|---|---|---|\n|No religion|1,806,409|18.2|\n|Other religions|167,231|1.7|\n|Did not wish to answer|2,698,844|27.1|\n|Lutherans|215,093|2.2|\n|Total religions|5,432,375|54.7|\nQ:\n|Denominations|Population|% of total|\n|---|---|---|\n|Catholicism|3,871,922|38.9|\n|Roman Catholics|3,691,389|37.1|\n|Greek Catholics|179,176|1.8|\n|Protestantism|1,368,547|13.8|\n|Calvinists|1,153,454|11.6|\nA:";"|Denominations|Population|% of total|\n|---|---|---|\n|Calvinists|1,153,454|11.6|\n|Protestantism|1,368,547|13.8|\n|Greek Catholics|179,176|1.8|\n|Roman Catholics|3,691,389|37.1|\n|Catholicism|3,871,922|38.9|";"|Denominations|Population|% of total|\n|---|---|---|\n|Greek Catholics|179,176|1.8|\n|Calvinists|1,153,454|11.6|\n|Protestantism|1,368,547|13.8|\n|Catholicism|3,871,922|38.9|\n|Roman Catholics|3,691,389|37.1|"
26;"Instruction: Could you choose the row or rows with the value of column ""Year"" equal to ""2002"" in the table? After the selection, kindly return the table.\n## Input:\n|Year|Host(s)|Final venue|Result(Runner-up)|\n|---|---|---|---|\n|2002|West Indies|to be determined|nan|\n|2010|New Zealand|Lincoln|Pakistan 182 (46.4 overs)|\n|2008|Malaysia|Puchong|South Africa 103/8 (25 overs)|\n|2002|Bangladesh|Dhaka|India 145 (45.1 overs)|\n|2012|Australia|Townsville|Australia 225/8 (50 overs)|\n## Output:\n|Year|Host(s)|Final venue|Result(Runner-up)|\n|---|---|---|---|\n|2002|West Indies|to be determined|nan|\n|2002|Bangladesh|Dhaka|India 145 (45.1 overs)|\n## Input:\n|Year|Host(s)|Final venue|Result(Runner-up)|\n|---|---|---|---|\n|2002|South Africa|to be determined|nan|\n|2014|UAE|Dubai|Pakistan 131 (44.3 overs)|\n|2008|Malaysia|Puchong|South Africa 103/8 (25 overs)|\n|2002|New Zealand|Lincoln|Pakistan 182 (46.4 overs)|\n|2006|Sri Lanka|Colombo|India 71 (18.5 overs)|\n## Output:\n|Year|Host(s)|Final venue|Result(Runner-up)|\n|---|---|---|---|\n|2002|South Africa|to be determined|nan|\n|2002|New Zealand|Lincoln|Pakistan 182 (46.4 overs)|\n## Input:\n|Year|Host(s)|Final venue|Result(Runner-up)|\n|---|---|---|---|\n|2002|Malaysia|Puchong|South Africa 103/8 (25 overs)|\n|2012|Australia|Townsville|Australia 225/8 (50 overs)|\n|2010|New Zealand|Lincoln|Pakistan 182 (46.4 overs)|\n|2002|West Indies|to be determined|nan|\n|2014|UAE|Dubai|Pakistan 131 (44.3 overs)|\n## Output:\n|Year|Host(s)|Final venue|Result(Runner-up)|\n|---|---|---|---|\n|2002|Malaysia|Puchong|South Africa 103/8 (25 overs)|\n|2002|West Indies|to be determined|nan|\n## Input:\n|Year|Host(s)|Final venue|Result(Runner-up)|\n|---|---|---|---|\n|2002|Bangladesh|Dhaka|India 145 (45.1 overs)|\n|2014|UAE|Dubai|Pakistan 131 (44.3 overs)|\n|2008|Malaysia|Puchong|South Africa 103/8 (25 overs)|\n|2002|South Africa|to be determined|nan|\n|2010|New Zealand|Lincoln|Pakistan 182 (46.4 overs)|\n## Output:\n|Year|Host(s)|Final venue|Result(Runner-up)|\n|---|---|---|---|\n|2002|Bangladesh|Dhaka|India 145 (45.1 overs)|\n|2002|South Africa|to be determined|nan|\n## Input:\n|Year|Host(s)|Final venue|Result(Runner-up)|\n|---|---|---|---|\n|1988|Australia|Adelaide|Pakistan 201 (49.3 overs)|\n|1998|South Africa|Johannesburg|New Zealand 241/6 (50 overs)|\n|2000|Sri Lanka|Colombo|Sri Lanka 178 (48.1 overs)|\n|2002|New Zealand|Lincoln|South Africa 206/9 (50 overs)|\n|2004|Bangladesh|Dhaka|West Indies 205 (47.1 overs)|\n## Output:";"|Year|Host(s)|Final venue|Result(Runner-up)|\n|---|---|---|---|\n|2002|New Zealand|Lincoln|South Africa 206/9 (50 overs)|";"|Year|Host(s)|Final venue|Result(Runner-up)|\n|---|---|---|---|\n|2002|New Zealand|Lincoln|South Africa 206/9 (50 overs)|"
27;"Task: Please generate an SQL query by referring to the input table and question provided. You may use 'table' as the table name if necessary. Return the final result as JSON in the format {""SQL"": ""<SQL code>""}.\n[Q]:\n**Input table:**\n|Rider|Bike|Laps|Time|Grid|\n|---|---|---|---|---|\n|Max Biaggi|Suzuki GSX-R1000 K7|24|39:24.967|4|\n|Troy Bayliss|Ducati 999 F07|24|+5.638|1|\n|James Toseland|Honda CBR1000RR|24|+7.452|8|\n|Noriyuki Haga|Yamaha YZF-R1|24|+10.079|5|\n|Michel Fabrizio|Honda CBR1000RR|24|+22.257|7|\n**Question:**\nWhat was the number of Laps with a Grid of more than 3 and Time of 39:24.967?\n[A]:\n{""SQL"": ""SELECT MIN `Laps` FROM table WHERE `Grid` > 3 AND `Time` = 39:24.967""}\n[Q]:\n**Input table:**\n|Name|Circuit|Date|Winning driver|Winning constructor|Report|\n|---|---|---|---|---|---|\n|Swedish Winter Grand Prix|Rämen|28 February|Olle Bennström|Ford|Report|\n|Tunis Grand Prix|Carthage|3 April|Achille Varzi|Bugatti|Report|\n|Monaco Grand Prix|Monaco|17 April|Tazio Nuvolari|Alfa Romeo|Report|\n|Rome Grand Prix|Littorio|24 April|Luigi Fagioli|Maserati|Report|\n|Oran Grand Prix|Arcone|24 April|Jean-Pierre Wimille|Bugatti|Report|\n**Question:**\nName the report for raymond sommer\n[A]:\n{""SQL"": ""SELECT  `Report` FROM table WHERE `Winning driver` = raymond sommer""}\n[Q]:\n**Input table:**\n|Name|Number|Position|Height|Weight|Year|Hometown|Last School/College|\n|---|---|---|---|---|---|---|---|\n|Marcus Capers|0|Guard|6–4|185|Junior|Winter Haven, FL|Montverde Acad.|\n|Klay Thompson|1|Guard|6–6|202|Junior|Ladera Ranch, CA|Santa Margarita Catholic HS|\n|Mike Ladd|2|Guard|6–5|190|Junior|Seattle, WA|Fresno State|\n|Reggie Moore|3|Guard|6–1|180|Sophomore|Seattle, WA|Brewster Acad.|\n|Will DiIorio|5|Guard|6–5|188|Freshman|Bainbridge Island, WA|Bainbridge HS|\n**Question:**\nwhat is the school for chris mcnamara?\n[A]:\n{""SQL"": ""SELECT  `Last School/College` FROM table WHERE `Name` = Chris McNamara""}\n[Q]:\n**Input table:**\n|Name|Pennant|Builder|Laid Down|Launched|Commissioned|\n|---|---|---|---|---|---|\n|Caprice (ex-Swallow)|R01 later D01|Yarrow , Scotstoun|24 September 1942|16 September 1943|5 April 1944|\n|Cassandra (ex-Tourmaline)|R62 later D10|Yarrow, Scotstoun|30 January 1943|29 November 1943|28 July 1944|\n|Caesar * (ex-Ranger)|R07 later D07|John Brown , Clydebank|3 April 1943|14 February 1944|5 October 1944|\n|Cavendish * (ex-Sibyl)|R15 later D15|John Brown, Clydebank|19 May 1943|12 April 1944|13 December 1944|\n|Cambrian (ex-Spitfire)|R85 later D85|Scotts , Greenock|14 August 1942|10 December 1943|17 July 1944 by John Brown|\n**Question:**\nwhat is the launched date when the builder is john brown, clydebank?\nReturn the final result as JSON in the format {""SQL"": ""<SQL code>""}.\n[A]:";"{""SQL"": ""SELECT  `Launched` FROM table WHERE `Builder` = john brown, clydebank""}";"{""SQL"": ""SELECT  `Launched` FROM table WHERE `Builder` = john brown, clydebank""}"
28;"Objective: After reviewing the input table, could you provide a brief summary of its main points? Return the final result as JSON in the format {""summary"": ""<summary of table>""}.\nInput:\n|#|Contestants|Episodes(9)|Episodes(10)|Episodes(1)|Episodes(2)|Episodes(3)|Episodes(4)|Episodes(5)|Episodes(6)|Episodes(7)|Episodes(8)|\n|---|---|---|---|---|---|---|---|---|---|---|---|\n|1|Sarah Lawther|RISK|WINNER|SAFE|SAFE|SAFE|WIN|WIN|SAFE|SAFE|SAFE|\n|1|Lachlan Cosgrove|RISK|WINNER|WIN|SAFE|SAFE|WIN|WIN|SAFE|WIN|SAFE|\n|2|Jordan Finlayson|WIN|RUNNER-UP|WIN|SAFE|SAFE|WIN|SAFE|WIN|RISK|SAFE|\n|2|Julian|SAFE|RUNNER-UP|SAFE|WIN|SAFE|SAFE|SAFE|SAFE|RISK|SAFE|\n|3|Jacelle|SAFE|nan|SAFE|WIN|SAFE|OUT|nan|SAFE|SAFE|WIN|\nOutput:\n{""summary"": ""Beauty and the Geek Australia""}\nInput:\n|Position|Game 1|Game 2|Game 3|Exhibition*|\n|---|---|---|---|---|\n|Fullback|Gary Belcher|Gary Belcher|Gary Belcher|Gary Belcher|\n|Wing|Tony Currie|Colin Scott|Colin Scott|Tony Currie|\n|Centre|Peter Jackson|Peter Jackson|Peter Jackson|Peter Jackson|\n|Centre|Gene Miles|Gene Miles|Gene Miles|Gene Miles|\n|Wing|Dale Shearer|Dale Shearer|Dale Shearer|Dale Shearer|\nOutput:\n{""summary"": ""1987 State of Origin series""}\nInput:\n|Year|Network|Play-by-play|Color commentator(s)|Sideline reporters|Pregame host|Pregame analysts|\n|---|---|---|---|---|---|---|\n|2009|ESPN|JP Dellacamera|John Harkes|Allen Hopkins and Rob Stone|Rob Stone|Julie Foudy and Alexi Lalas|\n|2009|GolTV Canada|JP Dellacamera|John Harkes|Allen Hopkins and Rob Stone|Rob Stone|Julie Foudy and Alexi Lalas|\n|2008|ABC|JP Dellacamera|John Harkes|Allen Hopkins and Pedro Gomez|Rob Stone|Julie Foudy and Alexi Lalas|\n|2008|CBC|Nigel Reed|Jason DeVos|Mitch Peacock|Brenda Irving|Jim Brennan|\n|2007|ABC|Dave O'Brien|Eric Wynalda and Julie Foudy|Allen Hopkins|Rob Stone|Julie Foudy|\nOutput:\n{""summary"": ""List of MLS Cup broadcasters""}\nInput:\n|Number|Model|Type|Propulsion|Manufacturer|Location|Status|Heritage|\n|---|---|---|---|---|---|---|---|\n|GCK 25|GP9|Road Switcher|Diesel-electric|Electro Motive Division|Westernport, Maryland|Stored|WM|\n|GCK 39|GP9|Road Switcher|Diesel-electric|Electro Motive Division|Westernport, Maryland|Under Restoration|WM|\n|GCK 101|T-6|Switcher|Diesel-electric|American Locomotive Works|Luke, Maryland|Active|PRR|\n|GCK 144|S2|Switcher|Diesel-electric|American Locomotive Works|Capreol, Ontario|Stored|WM|\n|GCK 153|S6|Switcher|Diesel-electric|American Locomotive Works|Syracuse, New York|Stored|SP|\nReturn the final result as JSON in the format {""summary"": ""<summary of table>""}.\nOutput:";"{""summary"": ""Georges Creek Railway""}";"{""summary"": ""EMD GP9""}"
29;"# Task Description: Take a moment to examine the input table and let me know which cell or cells contain errors. If there are multiple erroneous cells, gather them in a list. If no cells are erroneous, indicate 'None'. Please only provide the erroneous cell or cells that you are highly confident about. Return the final result as JSON in the format {""erroneous_cells"": ""<a list of erroneous cells or None>""}.  Let's think step by step and show your reasoning before showing the final result.\nInput:\n|Flag of ship|Name(s) of ship(s)|Number of Filipino seamen affected|Type of ship|Date|\n|---|---|---|---|---|\n|no information|Polydoros|1|Cargo ship|20 November 1994|\n|Malta and Hong Kong|Paris and You Xin|23|no information|January 1995|\n|Panama|Sun River II|10|Cargo ship|February 1995|\n|Liberia|African Evergreen|7|Cargo ship|21 August 1995|\n|Cyprus and Greece|Polydefkis and Anna Spiratou|24|no information|20 June 1986|\nLet's think step by step and show your reasoning before showing the final result. Return the final result as JSON in the format {""erroneous_cells"": ""<a list of erroneous cells or None>""}.\nOutput:";"All cells in the table seem to be correct and no apparent error is found. Therefore, the final answer is {""erroneous_cells"": ""None""}";"All cells in the table seem to be correct and no apparent error is found. Therefore, the final answer is {""erroneous_cells"": ""None""}"
30;"Description: You've been provided with a table containing input-output pairs in two columns. Analyze the patterns between inputs and outputs from the initial rows and predict the value for the last row labeled as '[Output Value].' Please exclude any other information and provide the output value only. Return the final result as JSON in the format {""output_value"": ""<output value transformed from the input value>""}.\nIn:\n|Input|Output|\n|---|---|\n|1:32,950|1:32.950|\n|1:32,982|1:32.982|\n|1:33,443|1:33.443|\n|1:33,551|1:33.551|\n|1:33,675|1:33.675|\n|1:34,466|1:34.466|\n|1:34,229|1:34.229|\n|1:35,092|[Output Value]|\nReturn the final result as JSON in the format {""output_value"": ""<output value transformed from the input value>""}.\nOut:";"{""output_value"": ""1:35.092""}";"{""output_value"": ""1:35.092""}"
31;"Objective: Utilizing the input table data and the roster of feasible headers, ascertain the most appropriate column header for every table column. Select column headers exclusively from the list of candidates, and furnish the chosen ones in a list format. Return the final result as JSON in the format {""column_headers"": ""<a list of headers for each column chosen from the candidate list>""}.\n## Input:\n**Table Data:**\n||||||||||||||||\n|---|---|---|---|---|---|---|---|---|---|---|---|---|---|---|\n|Evicted|Evicted|Evicted|Evicted|Hilda|Evicted|Evicted|0|Evicted|Evicted|0|Evicted|Evicted|Evicted|Evicted|\n|Evicted|Evicted|Evicted|Evicted|Eve|Evicted|Evicted|0|Evicted|Evicted|0|0|Evicted|0|0|\n|Ejected|4|Ejected|Ejected|Maneta|1|0|0|Ejected|Ejected|8|0|Ejected|3|0|\n|Evicted|Evicted|Evicted|Evicted|Lee|0|0|0|Evicted|Evicted|0|0|Evicted|0|0|\n|Evicted|Evicted|Evicted|Evicted|Mampi|Evicted|Evicted|0|Evicted|Evicted|6|Evicted|Evicted|6|0|\n**Candidate column headers:**\n- Week 8\n- Unnamed: 0\n- Week 12\n- Week 13\n- Week 7\n- Week 4\n- Week 5\n- Week 2\n- Week 1\n- Week 10\n- Total\n- Week 6\n- Week 3\n- Week 11\n- Week 9\n## Output:\n{""column_headers"": [""Week 13"", ""Week 7"", ""Week 8"", ""Week 9"", ""Unnamed: 0"", ""Week 5"", ""Week 6"", ""Week 1"", ""Week 11"", ""Week 12"", ""Total"", ""Week 4"", ""Week 10"", ""Week 3"", ""Week 2""]}\n## Input:\n**Table Data:**\n||||\n|---|---|---|\n|1.0|Memphis, Tennessee|January 22, 2000|\n|1.0|nan|October 2, 1999|\n|nan|Memphis, Tennessee|March 19, 1999|\n|1.0|Memphis, Tennessee|July 21, 1998|\n|1.0|Memphis, Tennessee|March 20, 1999|\n**Candidate column headers:**\n- #\n- Date\n- Location\n## Output:\n{""column_headers"": [""#"", ""Location"", ""Date""]}\n## Input:\n**Table Data:**\n||||\n|---|---|---|\n|Simon West|1997|Con Air|\n|Ron Silver|1993|Lifepod|\n|Jan de Bont|1996|Twister|\n|Jan de Bont|1994|Speed|\n|Pen Densham|1996|Moll Flanders|\n**Candidate column headers:**\n- Year\n- Title\n- Director(s)\n## Output:\n{""column_headers"": [""Director(s)"", ""Year"", ""Title""]}\n## Input:\n**Table Data:**\n|||||||||\n|---|---|---|---|---|---|---|---|\n|James A. Bayard, Sr.|Republican|47%|7th|nan|2,340|1800|John Patten|\n|John M. Vining|non partisan|29%|2nd|nan|145|1790|Joshua Clayton|\n|George B. Rodney|Democratic|50%|28th|nan|5,456|1842|William H. Jones|\n|Louis McLane|Republican|48%|19th|nan|3,163|1824|Arnold Naudain|\n|John M. Vining|non partisan|24%|1st|nan|491|1789|Rhoads Shankland|\n**Candidate column headers:**\n- Party\n- Votes\n- Opponent\n- Notes\n- Pct\n- Congress\n- Elected\n- Year\nReturn the final result as JSON in the format {""column_headers"": ""<a list of headers for each column chosen from the candidate list>""}.\n## Output:";"{""column_headers"": [""Elected"", ""Party"", ""Pct"", ""Congress"", ""Notes"", ""Votes"", ""Year"", ""Opponent""]}";"{""column_headers"": [""Elected"", ""Party"", ""Pct"", ""Congress"", ""Votes"", ""Notes"", ""Year"", ""Opponent""]}"
32;"Task: Could you mark the third, fifth rows in the table for selection? Afterward, share the table with the chosen row(s).\n[Q]:\n|Second Round|Third Round|Fourth Round|Semi Finals|Final|\n|---|---|---|---|---|\n|14.0|8.0|nan|nan|nan|\n|32.0|32.0|nan|nan|nan|\n|8.0|nan|23.0|nan|nan|\n|22.0|nan|28.0|nan|nan|\n|21.0|0.0|nan|nan|nan|\n[A]:";"|Second Round|Third Round|Fourth Round|Semi Finals|Final|\n|---|---|---|---|---|\n|8.0|nan|23.0|nan|nan|\n|21.0|0.0|nan|nan|nan|";"|Third Round|Fourth Round|Semi Finals|Final|\n|---|---|---|---|\n|32.0|nan|nan|nan|\n|8.0|23.0|nan|nan|\nThe third and fifth rows have been selected."
33;"Objective: Please ascertain the matching pairs of columns between Table A and Table B. State the corresponding columns in Table B for every column listed in Table A. If a column in Table A has no corresponding match in Table B, you can denote it as None. Use a list structure with pairs of column headers, such as [Table A Column, Table B Column or None], to represent each mapping. Provide the mappings for each column in Table A and collate them in a list Return the final result as JSON in the format {""column_mappings"": ""<a list of column pairs>""}.\n## Input:\nTable A:\n|Third place match(Third place)|Third place match(Fourth place)|Year|Host|Final(Winner)|\n|---|---|---|---|---|\n|Portugal|Greece|1997 Details|Portugal|Nigeria|\n|Turkey|Portugal|2005 Details|Turkey|France|\nTable B:\n|Champion|Third Place|Third Place Score|Fourth Place|Tournament|Runner-up|Host Country|\n|---|---|---|---|---|---|---|\n|Spain|Portugal|Round robin|Czech Republic|2001 Details|Italy|Italy|\n|Spain|Portugal|0 – 0 3 – 1 (pen.)|Egypt|1999 Details|Ghana|South Africa|\n|Spain|France|Round robin|England|2003 Details|Switzerland|Egypt|\n## Output:\n{""column_mappings"": [[""Third place match(Third place)"", ""Third Place""], [""Third place match(Fourth place)"", ""Fourth Place""], [""Year"", ""Tournament""], [""Host"", ""Host Country""], [""Final(Winner)"", ""Champion""]]}\n## Input:\nTable A:\n|Athlete|Group Stage(Rank)|Final / BM(Opposition Score)|Final / BM(Rank)|Semifinal(Opposition Score)|Event|\n|---|---|---|---|---|---|\n|Wong Wing Ki|1 Q|Did not advance|Did not advance|Did not advance|Men's singles|\nTable B:\n|Competition|Athlete Name|Final Placement|Quarterfinal Opponent|Group Stage Placement|Final / BM Opponent|Semifinal Opponent|\n|---|---|---|---|---|---|---|\n|Women's doubles|Poon Lok Yan Tse Ying Suet|Did not advance|Did not advance|4|Did not advance|Did not advance|\n|Women's singles|Yip Pui Yin|Did not advance|Li Xr (CHN) L (12–21, 20–22)|1 Q|Did not advance|Did not advance|\n## Output:\n{""column_mappings"": [[""Athlete"", ""Athlete Name""], [""Group Stage(Rank)"", ""Group Stage Placement""], [""Final / BM(Opposition Score)"", ""Final / BM Opponent""], [""Final / BM(Rank)"", ""Final Placement""], [""Semifinal(Opposition Score)"", ""Semifinal Opponent""], [""Event"", ""Competition""]]}\n## Input:\nTable A:\n|Weight|Hometown|Notes|Name|Pos.|Year|Height|\n|---|---|---|---|---|---|---|\n|200|Waynesboro, MS|Graduated|Deitric Slater|Guard|Senior|6'3""|\n|175|Jackson, TN|Transferred to Louisville|Reginald Delk|Guard|Sophomore|6'4""|\nTable B:\n|Place of Origin|Mass|Transfer Information|Position|Academic Year|Jersey Number|\n|---|---|---|---|---|---|\n|Brooklyn, NY|225|Transferred to La Salle|Forward|Sophomore|40|\n|Grenada, MS|195|Transferred to Georgia State|Forward|Sophomore|30|\n|Jackson, TN|175|Transferred to Troy|Guard|Sophomore|1|\nReturn the final result as JSON in the format {""column_mappings"": ""<a list of column pairs>""}.\n## Output:";"{""column_mappings"": [[""Weight"", ""Mass""], [""Hometown"", ""Place of Origin""], [""Notes"", ""Transfer Information""], [""Name"", ""None""], [""Pos."", ""Position""], [""Year"", ""Academic Year""], [""Height"", ""None""]]}";"{""column_mappings"": [[""Weight"", ""Mass""], [""Hometown"", ""Place of Origin""], [""Notes"", ""None""], [""Name"", ""None""], [""Pos."", ""Position""], [""Year"", ""Academic Year""], [""Height"", ""None""]]}"
34;"# Task Description: It falls under your responsibility to complete the missing value in the input table, denoted as '[MISSING]'. Provide just the filled-in value; the rest of the table is not needed. Return the final result as JSON in the format {""value"": ""<value filled in>""}.\nQuestion:\n|Yield|Wait list acceptances|College|\n|---|---|---|\n|35%|nan|Colorado College|\n|54%|nan|U. North Carolina|\n|nan|35.0|Amherst|\n|49%|nan|Cornell|\n|26%|nan|[MISSING]|\nAnswer:\n{""value"": ""Lafayette""}\nQuestion:\n|Yield|Wait list acceptances|College|\n|---|---|---|\n|26%|nan|Lafayette|\n|30%|44.0|Connecticut College|\n|35%|nan|Colorado College|\n|49%|nan|[MISSING]|\n|nan|35.0|Amherst|\nAnswer:\n{""value"": ""Cornell""}\nQuestion:\n|Yield|Wait list acceptances|College|\n|---|---|---|\n|nan|35.0|Amherst|\n|49%|nan|Cornell|\n|54%|nan|U. North Carolina|\n|35%|nan|Colorado College|\n|26%|nan|[MISSING]|\nAnswer:\n{""value"": ""Lafayette""}\nQuestion:\n|Yield|Wait list acceptances|College|\n|---|---|---|\n|33%|nan|U. Iowa|\n|nan|35.0|Amherst|\n|30%|44.0|Connecticut College|\n|26%|nan|[MISSING]|\n|49%|nan|Cornell|\nAnswer:\n{""value"": ""Lafayette""}\nQuestion:\n|Yield|Wait list acceptances|College|\n|---|---|---|\n|33%|nan|U. Iowa|\n|30%|44.0|Connecticut College|\n|nan|35.0|[MISSING]|\n|35%|nan|Colorado College|\n|49%|nan|Cornell|\nAnswer:\n{""value"": ""Amherst""}\nQuestion:\n|Yield|Wait list acceptances|College|\n|---|---|---|\n|75%|70.0|Harvard|\n|69%|nan|[MISSING]|\n|71%|76.0|Stanford|\n|63%|nan|U. Pennsylvania|\n|21%|nan|SUNY New Paltz|\nReturn the final result as JSON in the format {""value"": ""<value filled in>""}.\nAnswer:";"{""value"": ""Princeton""}";"{""value"": ""Princeton""}"
35;"Objective: I request you to change the list below into a table with multiple columns. Ensure the table is in plain text, using vertical bars (|) as column separators and a new line for each row. Return the final result as JSON in the format {""table"": ""<table transformed from the list>""}.\n## Input:\nList Station Former railroad Opened Closed\n7 Grove Street Lackawanna 1901.0 1991\n6 Great Notch Erie 1905.0 2010\n4 Fairmount Avenue Erie NJ&NY 1870.0 1983\n5 Finderne Jersey Central nan 2006\n1 Ampere Lackawanna 1908.0 1991\nReturn the final result as JSON in the format {""table"": ""<table transformed from the list>""}.\n## Output:";"{""table"": ""|List|Station|Former railroad|Opened|Closed|\n|---|---|---|---|---|\n|7|Grove Street|Lackawanna|1901.0|1991|\n|6|Great Notch|Erie|1905.0|2010|\n|4|Fairmount Avenue|Erie NJ&NY|1870.0|1983|\n|5|Finderne|Jersey Central|nan|2006|\n|1|Ampere|Lackawanna|1908.0|1991|\n""}";"{""table"": ""|List|Station|Former railroad|Opened|Closed|\n|---|---|---|---|---|\n|7|Grove Street|Lackawanna|1901.0|1991|\n|6|Great Notch|Erie|1905.0|2010|\n|4|Fairmount Avenue|Erie NJ&NY|1870.0|1983|\n|5|Finderne|Jersey Central|nan|2006|\n|1|Ampere|Lackawanna|1908.0|1991|\n""}"
36;"Description: Extend the input table by generating a new supplementary column and placing it on the right-hand side. Present the modified table with the added column.\nInput:\n|Year|Music video|Length|\n|---|---|---|\n|2010|""Mazeltov""|3:34|\n|2010|""All Day Long""|4:01|\n|2010|""My Only Wish""|3:45|\n|2010|""Love Letter""|nan|\n|2011|""Here I Am""|3:53|\n|2011|""Watch Out""|3:37|\n|2011|""Heart For 2""|nan|\n|2011|""Why?""|3:11|\n|2011|""Daily Daily""|3:45|\n|2012|""Aftermath""|3:42|\nOutput:";"|Year|Music video|Length|Official MV on YouTube|\n|---|---|---|---|\n|2010|""Mazeltov""|3:34|CJENMMUSIC|\n|2010|""All Day Long""|4:01|CJENMUSIC|\n|2010|""My Only Wish""|3:45|ZEAJAPAN|\n|2010|""Love Letter""|nan|nan|\n|2011|""Here I Am""|3:53|ZEA2011|\n|2011|""Watch Out""|3:37|ZEA2011|\n|2011|""Heart For 2""|nan|nan|\n|2011|""Why?""|3:11|ZEAJAPAN|\n|2011|""Daily Daily""|3:45|ZEA2011|\n|2012|""Aftermath""|3:42|ZEA2011|";"|Year|Music video|Length|Producer|\n|---|---|---|---|\n|2010|""Mazeltov""|3:34|nan|\n|2010|""All Day Long""|4:01|nan|\n|2010|""My Only Wish""|3:45|nan|\n|2010|""Love Letter""|nan|nan|\n|2011|""Here I Am""|3:53|nan|\n|2011|""Watch Out""|3:37|nan|\n|2011|""Heart For 2""|nan|nan|\n|2011|""Why?""|3:11|nan|\n|2011|""Daily Daily""|3:45|nan|\n|2012|""Aftermath""|3:42|nan|"
37;"Task: Locate the corresponding columns in Table B that match with those in Table A. For each column in Table A, provide the corresponding column in Table B. If a column in A doesn't have a corresponding column in Table B, you can map it to None. Represent the mappings using pairs of column headers in a list format, like [Table A Column, Table B Column or None]. Provide the mappings for each column in Table A and compile them into a list Return the final result as JSON in the format {""column_mappings"": ""<a list of column pairs>""}.\nIn:\nTable A:\n|Character|Seasons(This Is England '88)|Seasons(This Is England '90)|Seasons(This Is England '86)|Seasons(This Is England)|Actor|\n|---|---|---|---|---|---|\n|Smell|Main|Main|Main|Main|Rosamund Hanson|\n|Woody|Main|Main|Main|Main|Joseph Gilgun|\nTable B:\n|This Is England '86 Appearances|This Is England '88 Appearances|This Is England Appearances|Actor Name|Character Name|\n|---|---|---|---|---|\n|Main|Main|Main|Vicky McClure|Lol|\n|Main|Main|Main|Thomas Turgoose|Shaun Field|\n|Main|Main|Main|Andrew Shim|Milky|\nReturn the final result as JSON in the format {""column_mappings"": ""<a list of column pairs>""}.\nOut:";"{""column_mappings"": [[""Character"", ""Character Name""], [""Seasons(This Is England '88)"", ""This Is England '88 Appearances""], [""Seasons(This Is England '90)"", ""None""], [""Seasons(This Is England '86)"", ""This Is England '86 Appearances""], [""Seasons(This Is England)"", ""This Is England Appearances""], [""Actor"", ""Actor Name""]]}";"{""column_mappings"": [[""Character"", ""Character Name""], [""Seasons(This Is England '88)"", ""This Is England '88 Appearances""], [""Seasons(This Is England '90)"", ""None""], [""Seasons(This Is England '86)"", ""This Is England '86 Appearances""], [""Seasons(This Is England)"", ""This Is England Appearances""], [""Actor"", ""Actor Name""]]}"
38;"# Task Description: Given the input table data and the list of headers that are potential candidates, your role is to choose the most suitable header for each column in the table. Choose exclusively from the candidate headers list and provide the selected column headers as a list. Return the final result as JSON in the format {""column_headers"": ""<a list of headers for each column chosen from the candidate list>""}.\n[Q]:\n**Table Data:**\n|||||||||||||||||||||\n|---|---|---|---|---|---|---|---|---|---|---|---|---|---|---|---|---|---|---|---|\n|25|Jordan Lilley|x|B|SH|SO|SH|SH|SH|B|SH|x|B|x|x|SO|SO|x|x|x|\n|4|Joel Moon|C|x|x|x|x|x|x|x|C|C|C|C|C|C|C|x|x|x|\n|20|Anthony Mullally|B|B|B|B|B|B|B|x|B|x|nan|x|x|x|x|x|x|x|\n|10|Adam Cuthbertson|P|x|x|x|x|L|SR|SR|x|B|P|B|B|B|B|x|x|x|\n|2|Tom Briscoe|x|x|x|x|x|x|x|x|x|x|W|x|x|x|W|x|x|x|\n**Candidate column headers:**\n- 17\n- 15\n- 16\n- 10\n- 22\n- 23\n- 13\n- 1\n- Player\n- 18\n- 21\n- 14\n- 11\n- 12\n- 19\n- 20\n- Q2\n- Q1\n- 9\n- No\nReturn the final result as JSON in the format {""column_headers"": ""<a list of headers for each column chosen from the candidate list>""}.\n[A]:";"{""column_headers"": [""No"", ""Player"", ""9"", ""10"", ""11"", ""12"", ""13"", ""14"", ""15"", ""16"", ""17"", ""18"", ""1"", ""19"", ""20"", ""21"", ""22"", ""23"", ""Q1"", ""Q2""]}";"{""column_headers"": [""10"", ""Player"", ""16"", ""No"", ""15"", ""18"", ""17"", ""Q2"", ""14"", ""Q1"", ""13"", ""22"", ""23"", ""11"", ""12"", ""9"", ""1""]}"
39;"Description: Change the list provided into a table with several columns. The table should be in plain text, with vertical bars (|) as column separators and a new line for each row. Return the final result as JSON in the format {""table"": ""<table transformed from the list>""}.\nQuestion:\nNumber RV Castmembers Nominees(Male) RV Castmembers Nominees(Female) Pit Crew Nominees(Male) Pit Crew Nominees(Female) Elimination Face-Off(Online Airdate) Elimination Face-Off(Face-Off) Elimination Face-Off(Winner)\n3 Tori Tori Veronica Veronica February 17, 2007 Shuttle Puzzle Tori\n12 David David Dan Dan April 23, 2007 Shockwave David\n14 None Tori Shane & Dan Kristen May 9, 2007 Step it Up Tori & Dan\n2 None None Monte & Dan Monte & Dan February 10, 2007 Fumble Dan\n5 Susie Susie Angel Angel March 3, 2007 Grip Breaker Angel\nReturn the final result as JSON in the format {""table"": ""<table transformed from the list>""}.\nAnswer:";"{""table"": ""|Number|RV Castmembers Nominees(Male)|RV Castmembers Nominees(Female)|Pit Crew Nominees(Male)|Pit Crew Nominees(Female)|Elimination Face-Off(Online Airdate)|Elimination Face-Off(Face-Off)|Elimination Face-Off(Winner)|\n|---|---|---|---|---|---|---|---|\n|3|Tori|Tori|Veronica|Veronica|February 17, 2007|Shuttle Puzzle|Tori|\n|12|David|David|Dan|Dan|April 23, 2007|Shockwave|David|\n|14|None|Tori|Shane & Dan|Kristen|May 9, 2007|Step it Up|Tori & Dan|\n|2|None|None|Monte & Dan|Monte & Dan|February 10, 2007|Fumble|Dan|\n|5|Susie|Susie|Angel|Angel|March 3, 2007|Grip Breaker|Angel|\n""}";"{""table"": ""|Number|RV Castmembers Nominees(Male)|RV Castmembers Nominees(Female)|Pit Crew Nominees(Male)|Pit Crew Nominees(Female)|Elimination Face-Off(Online Airdate)|Elimination Face-Off(Face-Off)|Elimination Face-Off(Winner)|\n|---|---|---|---|---|---|---|---|\n|3|Tori|Tori|Veronica|Veronica|February 17, 2007|Shuttle Puzzle|Tori|\n|12|David|David|Dan|Dan|April 23, 2007|Shockwave|David|\n|14|None|Tori|Shane & Dan|Kristen|May 9, 2007|Step it Up|Tori & Dan|\n|2|None|None|Monte & Dan|Monte & Dan|February 10, 2007|Fumble|Dan|\n|5|Susie|Susie|Angel|Angel|March 3, 2007|Grip Breaker|Angel|\n""}"
40;"Task: Please select the row or rows with the value of column ""Aspect ratio"" equal to ""16:9"". Please return the table with the selected rows.\n## Input:\n|DVD title|Series(s)|Aspect ratio|Episode count|Total running time|Release date(s)|\n|---|---|---|---|---|---|\n|The Sooty Show|1|16:9|5|76 minutes|13 August 2012|\n|The Sooty Christmas Special|1|16:9|5|75 minutes|5 November 2012|\n|The Sooty Magic Show|1|16:9|6|66 minutes|4 March 2013|\n|The Children's Party|1|16:9|5|60 minutes|20 May 2013|\n|Run Rabbit Run|1|16:9|5|55 minutes|7 October 2013|\n## Output:";"|DVD title|Series(s)|Aspect ratio|Episode count|Total running time|Release date(s)|\n|---|---|---|---|---|---|\n|The Sooty Show|1|16:9|5|76 minutes|13 August 2012|\n|The Sooty Christmas Special|1|16:9|5|75 minutes|5 November 2012|\n|The Sooty Magic Show|1|16:9|6|66 minutes|4 March 2013|\n|The Children's Party|1|16:9|5|60 minutes|20 May 2013|\n|Run Rabbit Run|1|16:9|5|55 minutes|7 October 2013|";"|DVD title|Series(s)|Aspect ratio|Episode count|Total running time|Release date(s)|\n|---|---|---|---|---|---|\n|The Sooty Show|1|16:9|5|76 minutes|13 August 2012|\n|The Sooty Christmas Special|1|16:9|5|75 minutes|5 November 2012|\n|Run Rabbit Run|1|16:9|5|55 minutes|7 October 2013|"
41;"Instruction: Please change the list below into a table with multiple columns. The table should be in plain text, utilizing vertical bars (|) as column separators and a new line for each row. Return the final result as JSON in the format {""table"": ""<table transformed from the list>""}.\n[Q]:\nNumber Player Position Height Weight Birthday Experience (in years)\n10 Don Buse PG 6-4 190 August 10, 1950 2\n6 Wayne Pack PG 6-0 165 July 5, 1950 R\n1 Roger Brown SF 6-5 205 May 22, 1942 7\n35 Charles Edge SF 6-6 210 February 23, 1950 1\n20 Darnell Hillman C 6-9 215 August 29, 1949 3\nReturn the final result as JSON in the format {""table"": ""<table transformed from the list>""}.\n[A]:";"{""table"": ""|Number|Player|Position|Height|Weight|Birthday|Experience (in years)|\n|---|---|---|---|---|---|---|\n|10|Don Buse|PG|6-4|190|August 10, 1950|2|\n|6|Wayne Pack|PG|6-0|165|July 5, 1950|R|\n|1|Roger Brown|SF|6-5|205|May 22, 1942|7|\n|35|Charles Edge|SF|6-6|210|February 23, 1950|1|\n|20|Darnell Hillman|C|6-9|215|August 29, 1949|3|\n""}";"{""table"": ""|Number|Player|Position|Height|Weight|Birthday|Experience (in years)|\n|---|---|---|---|---|---|---|\n|10|Don Buse|PG|6-4|190|August 10, 1950|2|\n|6|Wayne Pack|PG|6-0|165|July 5, 1950|R|\n|1|Roger Brown|SF|6-5|205|May 22, 1942|7|\n|35|Charles Edge|SF|6-6|210|February 23, 1950|1|\n|20|Darnell Hillman|C|6-9|215|August 29, 1949|3|\n""}"
42;"Objective: Change the list provided into a table with several columns. The table should be in plain text, with vertical bars (|) as column separators and a new line for each row. Return the final result as JSON in the format {""table"": ""<table transformed from the list>""}.\nQuestion:\nCommand Abbreviations Example\npattern pay ""pattern""\nSHOWTURTLE ST ""st""\nPENUP PU ""pu""\nPENDOWN PD ""pd""\nCLEARTEXT CT ""ct""\nReturn the final result as JSON in the format {""table"": ""<table transformed from the list>""}.\nAnswer:";"{""table"": ""|Command|Abbreviations|Example|\n|---|---|---|\n|pattern|pay|\""pattern\""|\n|SHOWTURTLE|ST|\""st\""|\n|PENUP|PU|\""pu\""|\n|PENDOWN|PD|\""pd\""|\n|CLEARTEXT|CT|\""ct\""|\n""}";"{""table"": ""|Command|Abbreviations|Example|\n|---|---|---|\n|pattern|pay|""pattern""|\n|SHOWTURTLE|ST|\""st\""|\n|PENUP|PU|\""pu\""|\n|PENDOWN|PD|\""pd\""|\n|CLEARTEXT|CT|\""ct\""|\n""}"
43;"# Task Description: Could you establish if Restaurant A and Restaurant B are referring to the same entity or not? Provide your ultimate answer as 'Yes' or 'No'. Return the final result as JSON in the format {""answer"": ""<Yes or No>""}.  Let's think step by step and show your reasoning before showing the final result.\nInput:\nRestaurant A can be presented as follows.\n|zipCode|Accepts Credit Cards|ratingValue|Attire|streetAddress|website|Caters|city|Parking|Waiter Service|Ambience|priceRange|Outdoor Seating|Take-out|Alcohol|Good For|state|telephone|category|neighborhood|Takes Reservations|Delivery|name|Wi-Fi|\n|---|---|---|---|---|---|---|---|---|---|---|---|---|---|---|---|---|---|---|---|---|---|---|---|\n|92104.0|Yes|3.5|Casual|672 5th Ave|florentsd.com|No|San Diego|Street|Yes|Hipster|$$|Yes|Yes|Full Bar|Brunch|CA|(619) 595-0123|American (New);Lounges|Gaslamp|Yes|No|florent restaurant & lounge|Free|\nRestaurant B is:\n|streetAddress|ratingValue|extra-phones|zipCode|website|city|state|priceRange|aka|categories|neighborhood|payment-method|years-in-business|name|phone|\n|---|---|---|---|---|---|---|---|---|---|---|---|---|---|---|\n|353 5th Ave|4.5|Primary Phone;(619) 308-0871|92101|http://www.cafesevilla.com|San Diego|CA|$$|Cafe Sevilla & Tapas Bar of San Diego;Cafe Sevilla Inc|Tapas;Breakfast Brunch & Lunch Restaurants;Bars;Fine Dining Restaurants;Vegetarian Restaurants;Mexican Restaurants;Spanish Restaurants;Bar & Grills;Family Style Restaurants;Take Out Restaurants;Mediterranean Restaurants;Restaurants|Gaslamp;Central San Diego|all major credit cards;amex;discover;master card;visa|28.0|cafe sevilla restaurant|(619) 233-5979|\nLet's think step by step and show your reasoning before showing the final result. Return the final result as JSON in the format {""answer"": ""<Yes or No>""}.\nOutput:";"Restaurant A is an American (New) and Lounge restaurant with a price range of $$, located in the Gaslamp neighborhood. It offers services such as reservations, take-out, credit cards, outdoor seating, Wi-Fi, waiter service, and catering. Restaurant B is a Tapas, Breakfast Brunch & Lunch Restaurants, Bar & Grills, and Family Style Restaurants restaurant with a price range of $$, located in the Gaslamp and Central San Diego neighborhoods. It offers services such as all major credit cards, take-out, and catering. Therefore, the final answer is {""answer"": ""No""}.";"Restaurant A is an American (New) and Lounge restaurant with a hipster ambience, located in the Gaslamp neighborhood of San Diego, CA. It offers outdoor seating, take-out, full bar, and accepts credit cards. Restaurant B is Cafe Sevilla & Tapas Bar of San Diego, a Tapas, Breakfast Brunch & Lunch Restaurants, Bar & Grills, and Family Style Restaurants. It offers all major credit cards, take-out, and has been in business for 28 years. Therefore, the final answer is {""answer"": ""No""}."
44;"# Task Description: Take a look at the table of inputs and outputs in two columns. Analyze the patterns based on the initial rows and compute the output value for the last row labeled as '[Output Value].' Provide only the output value and do not include any other data. Return the final result as JSON in the format {""output_value"": ""<output value transformed from the input value>""}.\n## Input:\n|Input|Output|\n|---|---|\n|1972–73|1972/73|\n|1972–73|1972/73|\n|1973–74|1973/74|\n|1973–74|1973/74|\n|1973–74|1973/74|\n|1979–80|1979/80|\n|1979–80|1979/80|\n|1986–87|1986/87|\n|2010–11|2010/11|\n|2013–14|[Output Value]|\nReturn the final result as JSON in the format {""output_value"": ""<output value transformed from the input value>""}.\n## Output:";"{""output_value"": ""2013/14""}";"{""output_value"": ""2013/14""}"
45;"Description: Based on the input table data and the selection of potential headers, opt for the most suitable column header for each table column. Restrict your choices to the provided candidates, and organize the selected column headers into a list. Return the final result as JSON in the format {""column_headers"": ""<a list of headers for each column chosen from the candidate list>""}.\nIn:\n**Table Data:**\n||||\n|---|---|---|\n|Ja-Ela|11410.0|Seeduwa|\n|Mabodale|11100.0|Veyangoda|\n|Kalagedihena|11532.0|Thimbirigaskatuwa|\n|Henegama|10660.0|Pugoda|\n|Marandagahamula|11104.0|Watinapaha|\n**Candidate column headers:**\n- Post Code\n- City/town\n- City/Town\nReturn the final result as JSON in the format {""column_headers"": ""<a list of headers for each column chosen from the candidate list>""}.\nOut:";"{""column_headers"": [""City/Town"", ""Post Code"", ""City/town""]}";"{""column_headers"": [""City/town"", ""Post Code"", ""City/town""]}"
46;"# Task Description: We need to establish if Baby_product A and Baby_product B represent the same entity. Provide your ultimate answer as 'Yes' or 'No'. Return the final result as JSON in the format {""answer"": ""<Yes or No>""}.  Let's think step by step and show your reasoning before showing the final result.\nInput:\nThe below table depicts Baby_product A.\n|length|company_struct|title|height|price|category|SKU|materials|weight|width|is_discounted|brand|ext_id|company_free|colors|fabrics|\n|---|---|---|---|---|---|---|---|---|---|---|---|---|---|---|---|\n|187""|BreathableBaby|BreathableBaby Breathable Mesh Crib Liner in Ecru|11""|29.99|Bedding & Decor / Baby Bedding / Bumpers & Liners|16435384.0|nan|nan|nan|False|nan|1016435384|BreathableBaby|nan|polyester|\nBaby_product B is:\n|length|company_struct|title|height|price|category|SKU|materials|weight|width|is_discounted|brand|ext_id|company_free|colors|fabrics|\n|---|---|---|---|---|---|---|---|---|---|---|---|---|---|---|---|\n|nan|BreathableBaby|Breathable Mesh Crib Liner - Gray Chevron|nan|29.99|Nursery Bedding|483EB169|nan|nan|nan|0|nan|64574646|nan|gray|nan|\nLet's think step by step and show your reasoning before showing the final result. Return the final result as JSON in the format {""answer"": ""<Yes or No>""}.\nOutput:";"Baby_product A and B are different entities as they have different ext_id, title, SKU, company_struct, brand, fabrics, and colors. Product A is from the category Bedding & Decor / Baby Bedding / Bumpers & Liners and is from the company BreathableBaby, while Product B is from the category Nursery Bedding and does not have a company_free. Therefore, the final answer is {""answer"": ""No""}.";"Baby_product A and Baby_product B are different entities as they have different ext_id, colors, fabrics, and company_struct. Product A is from BreathableBaby and Product B is from an unspecified brand. Therefore, the final answer is {""answer"": ""No""}."
47;"Objective: Summarize the table and its key details for easy understanding. Return the final result as JSON in the format {""summary"": ""<summary of table>""}.\nInput:\n|Club|Coach|Captain|Kit Supplier|Stadium|Capacity|\n|---|---|---|---|---|---|\n|Bath|Steve Meehan|Luke Watson|Puma|The Recreation Ground|12,200|\n|Exeter Chiefs|Rob Baxter|Tommy Hayes|Samurai|Sandy Park|10,744|\n|Gloucester|Bryan Redpath|Mike Tindall|RugbyTech|Kingsholm Stadium|16,500|\n|Harlequins|Conor O'Shea|Chris Robshaw|KooGa|The Stoop|14,282|\n|Leeds Carnegie|Neil Back|Marco Wentzel|ISC|Headingley Stadium|22,250|\nReturn the final result as JSON in the format {""summary"": ""<summary of table>""}.\nOutput:";"{""summary"": ""2010\u201311 English Premiership (rugby union)""}";"{""summary"": ""2011\u201312 English Premiership (rugby union)""}"
48;"Task: Examine the provided input table data along with the list of potential headers. Your goal is to identify the most fitting header for each column within the table. Only consider column headers from the candidate list, and present the chosen headers in the shape of a list. Return the final result as JSON in the format {""column_headers"": ""<a list of headers for each column chosen from the candidate list>""}.\nInput:\n**Table Data:**\n||||||||\n|---|---|---|---|---|---|---|\n|16 (intended)|nan|J. Michael Straczynski|Planned but not scripted|117|16 (intended)|16 (intended)|\n|21 (intended)|nan|J. Michael Straczynski|Planned but not scripted|120|21 (intended)|21 (intended)|\n|Season 2 (intended)|nan|Peter Woodward|Scripted but not filmed|2xx|Season 2 (intended)|Season 2 (intended)|\n|10|2.0|J. Michael Straczynski|11 August 1999|102|8|5|\n|14 (intended)|nan|J. Michael Straczynski|Scripted but not filmed|114|14 (intended)|14 (intended)|\n**Candidate column headers:**\n- Chronological order\n- Original broadcast order\n- Continuity order\n- Original airdate\n- Revised broadcast order\n- Production code\n- Written by\nOutput:\n{""column_headers"": [""Original broadcast order"", ""Revised broadcast order"", ""Written by"", ""Original airdate"", ""Production code"", ""Continuity order"", ""Chronological order""]}\nInput:\n**Table Data:**\n|||||\n|---|---|---|---|\n|Free|Ned Zelic|Helmond Sport|Defender|\n|Free|James Monie|Sydney Olympic|Midfield|\n|Free|Franco Parisi|New Zealand Knights|Forward|\n|nan|Brett Studman|Released|Defender|\n|Free|Richard Johnson|New Zealand Knights|Midfield|\n**Candidate column headers:**\n- To\n- Name\n- Position\n- Fee (A$)\nOutput:\n{""column_headers"": [""Fee (A$)"", ""Name"", ""To"", ""Position""]}\nInput:\n**Table Data:**\n|||||||||||\n|---|---|---|---|---|---|---|---|---|---|\n|2018|9|4.888888888888888|4.888888888888888|528.0|4.888888888888888|Beijing|108|China|4.888888888888888|\n|2012|3|5.008333333333334|5.008333333333334|601.0|5.008333333333334|Mecca|120|Saudi Arabia|5.008333333333334|\n|1931|42|3.7352941176470575|3.7352941176470575|381.0|3.7352941176470575|New York City|102|United States|3.7352941176470575|\n|2016|45|3.933684210526316|3.933684210526316|373.7|3.933684210526316|Moscow|95|Russia|3.933684210526316|\n|2016|7|4.774774774774775|4.774774774774775|530.0|4.774774774774775|Guangzhou|111|China|4.774774774774775|\n**Candidate column headers:**\n- Country\n- IF_FUNCTION\n- Floors\n- Average Floor Height\n- DIVIDE_FUNCTION\n- City\n- Rank\n- Built\n- Metres\n- ISERROR_FUNCTION\nOutput:\n{""column_headers"": [""Built"", ""Rank"", ""Average Floor Height"", ""ISERROR_FUNCTION"", ""Metres"", ""IF_FUNCTION"", ""City"", ""Floors"", ""Country"", ""DIVIDE_FUNCTION""]}\nInput:\n**Table Data:**\n|||||||\n|---|---|---|---|---|---|\n|March 30, 2014|28|Fergal Devitt|8|1|Glasgow, Scotland|\n|February 17, 2013|189|Wolfgang|5|1|Edinburgh, Scotland|\n|November 20, 2016|210|Kenny Williams|15|2|Glasgow, Scotland|\n|September 7, 2013|204|Mark Coffey|7|1|Glasgow, Scotland|\n|April 19, 2015|210|Stevie Boy|12|1|London, England|\n**Candidate column headers:**\n- Wrestler\n- Days held\n- Reign\n- Date\n- Location\n- #\nReturn the final result as JSON in the format {""column_headers"": ""<a list of headers for each column chosen from the candidate list>""}.\nOutput:";"{""column_headers"": [""Date"", ""Days held"", ""Wrestler"", ""#"", ""Reign"", ""Location""]}";"{""column_headers"": [""Date"", ""Days held"", ""Wrestler"", ""#"", ""Reign"", ""Location""]}"
49;"Task: Given the input table, can you provide a summary that captures its main data? Return the final result as JSON in the format {""summary"": ""<summary of table>""}.\nIn:\n|System|Creator|Last Updated|Android Tablet Application|iOS Tablet Application|Mobile Platforms|Offline Access|Free Mobile Access|\n|---|---|---|---|---|---|---|---|\n|Base CRM|Base CRM|2017|Yes|Yes|iOS, Android, Windows Phone|Yes|Yes|\n|Elements CRM|Elements CRM|2013|No|Yes|iOS|nan|Yes|\n|Microsoft Dynamics CRM|Microsoft|2015|Yes/Third Party|Yes/Third party|Windows Phone|Yes|Yes|\n|Oracle CRM|Oracle Corporation|2013|Yes|Yes|iOS, Android|Yes|Yes|\n|Pipedrive|Pipedrive|2017|Yes|Yes|iOS, Android,|Yes|Yes|\nOut:\n{""summary"": ""Comparison of Mobile CRM systems""}\nIn:\n|Date|Director|Country|Source work|Author|Type|\n|---|---|---|---|---|---|\n|1905|Lucas Demare|Argentina|La guerra gaucha|Leopoldo Lugones|Novel|\n|1933|Leopoldo Torre Nilsson|Argentina|El Santo de la Espada|Ricardo Rojas|Novel|\n|1933|Leopoldo Torre Nilsson|Argentina|El Santo de la Espada|Ricardo Rojas|Novel|\n|1933|Leopoldo Torre Nilsson|Argentina|El Santo de la Espada|Ricardo Rojas|Novel|\nOut:\n{""summary"": ""based war films (1775\u20131898 wars)""}\nIn:\n|Year|Entrant|7|8|9|10|11|12|13|WDC|Points|Chassis|Engine|1|2|\n|---|---|---|---|---|---|---|---|---|---|---|---|---|---|---|\n|1963|Otello Nucci|ITA|USA|MEX|RSA Ret|nan|nan|nan|NC|0|Alfa Romeo Special|Alfa Romeo|MON|BEL|\n|1965|Otello Nucci|GER|ITA|USA|MEX|nan|nan|nan|NC|0|Alfa Romeo Special|Alfa Romeo|RSA 10|MON|\n|1969|Jack Holme|GER|ITA|CAN|USA|MEX|nan|nan|NC|0|Brabham BT20|Repco|RSA NC|ESP|\n|1970|Team Gunston|GBR|GER|AUT|ITA|CAN|USA|MEX|NC|0|Brabham BT26|Ford|RSA 11|ESP|\nOut:\n{""summary"": ""Peter de Klerk""}\nIn:\n|Song|Artist(s)|Writer(s)|Originating album|Language|Year|\n|---|---|---|---|---|---|\n|""Intro""|GD & TOP|G-Dragon, T.O.P|GD&TOP|Korean|2010|\n|""High High""|GD & TOP|G-Dragon, T.O.P, Teddy|GD&TOP|Korean|2010|\n|""Oh Yeah"" (feat. Park Bom)|GD & TOP|G-Dragon, T.O.P, Teddy|GD&TOP|Korean|2010|\n|""Don't Go Home""|GD & TOP|G-Dragon|GD&TOP|Korean|2010|\n|""Baby Good Night""|GD & TOP|G-Dragon, T.O.P|GD&TOP|Korean|2010|\nReturn the final result as JSON in the format {""summary"": ""<summary of table>""}.\nOut:";"{""summary"": ""List of songs recorded by Big Bang""}";"{""summary"": ""List of GD & TOP songs""}"\n