Indice;Prompt_Original;Solucao_Referencia;Raciocinio_Gerado_Pelo_Modelo
;"""Documento document_2:\nPoucos países terão usado o mar de forma tão negligente¹ como nós.\nE, contudo, ao longo dos anos, foi possível planear e desenvolver no nosso país iniciativas económicas, científicas e tecnológicas em torno do mar, com elevados níveis de qualidade.\nA grande mudança assinala-se em meados dos anos 90 e é publicamente consagrada pela Expo-98, dedicada a """"Os Oceanos - Um Património Para o Futuro"""", com o objectivo de sensibilizar para os problemas dos oceanos, estimular a investigação científica e reactivar as indústrias e os sectores ligados aos recursos marinhos. Por alguma razão, o Oceanário de Lisboa continua a ser hoje uma das maiores atracções científicas, culturais e recreativas da cidade e do país. A ele devemos a recordação de que a Expo-98 foi uma grande exposição internacional subordinada ao tema dos oceanos. A ele devemos também um contributo para a instalação de uma cultura pública de sensibilidade à vida marinha e à beleza dos seus ecossistemas².\nEntretanto, de 1998 para cá, várias iniciativas têm vindo a dar progressiva consistência à ideia de colocar o mar no centro da nossa consciência de país com um futuro a construir.\n Luísa Schmidt, """"A-mar ou desperdiçar"""", Expresso, 27 de Fevereiro de 2010 (texto adaptado)\nVOCABULÁRIO\n1 negligente (linha 1): descuidada.\n2 ecossistemas (linha 11): conjuntos formados por um ambiente natural e pelos seres vivos que o habitam, em interacção entre si e com o próprio ambiente.\nA mudança de atitude em relação ao mar, em meados dos anos 90,\nOpções:\nA) teve uma motivação apenas turística e recreativa.\nB) respondeu a um estado de desastre ecológico.\nC) promoveu uma nova sensibilidade à vida marinha.\nD) consistiu só no desenvolvimento do projecto do Oceanário""";B;"""Para resolver este problema, precisamos de identificar a mudança de atitude em relação ao mar em meados dos anos 90 que melhor se alinha com a descrição no texto. O texto enfatiza que a mudança foi motivada pela Expo-98, que tinha como objetivo """"sensibilizar para os problemas dos oceanos, estimular a investigação científica e reativar as indústrias e os setores ligados aos recursos marinhos"""". Esta mudança de atitude promoveu uma nova sensibilidade à vida marinha e aos ecossistemas marinhos.\nComparando as opções:\nA) teve uma motivação apenas turística e recreativa.\nB) respondeu a um estado de desastre ecológico.\nC) promoveu uma nova sensibilidade à vida marinha.\nD) consistiu só no desenvolvimento do projecto do Oceanário.\nA opção C é a que melhor se alinha com a descrição no texto, pois a mudança de atitude é apresentada como uma resposta a """"sensibilizar para os problemas dos oceanos"""" e """"reativar as indústrias e os setores ligados aos recursos marinhos"""".\nPortanto, a mudança de atitude em meados dos anos 90 consistiu em promover uma nova sensibilidade à vida marinha.\n<resposta>C</resposta>"""
1;"Documento document_2:\nPoucos países terão usado o mar de forma tão negligente¹ como nós.\nE, contudo, ao longo dos anos, foi possível planear e desenvolver no nosso país iniciativas económicas, científicas e tecnológicas em torno do mar, com elevados níveis de qualidade.\nA grande mudança assinala-se em meados dos anos 90 e é publicamente consagrada pela Expo-98, dedicada a """"Os Oceanos - Um Património Para o Futuro"""", com o objectivo de sensibilizar para os problemas dos oceanos, estimular a investigação científica e reactivar as indústrias e os sectores ligados aos recursos marinhos. Por alguma razão, o Oceanário de Lisboa continua a ser hoje uma das maiores atracções científicas, culturais e recreativas da cidade e do país. A ele devemos a recordação de que a Expo-98 foi uma grande exposição internacional subordinada ao tema dos oceanos. A ele devemos também um contributo para a instalação de uma cultura pública de sensibilidade à vida marinha e à beleza dos seus ecossistemas².\nEntretanto, de 1998 para cá, várias iniciativas têm vindo a dar progressiva consistência à ideia de colocar o mar no centro da nossa consciência de país com um futuro a construir.\n Luísa Schmidt, «A-mar ou desperdiçar», Expresso, 27 de Fevereiro de 2010 (texto adaptado)\nVOCABULÁRIO\n1 negligente (linha 1): descuidada.\n2 ecossistemas (linha 11): conjuntos formados por um ambiente natural e pelos seres vivos que o habitam, em interacção entre si e com o próprio ambiente.\nNa linha 8, o pronome pessoal «ele» refere-se a\nOpções:\nA) «mar» (linha 3).\nB) «o objectivo» (linha 5).\nC) «o Oceanário de Lisboa» (linha 7).\nD) «país» (linha 8)."";"";B;"";""<resposta>C</resposta>\nVamos analisar o problema passo-a-passo, utilizando a informação fornecida e o vocabulário.\nO problema consiste em identificar a que """"ele"""" se refere no contexto do texto. O texto refere-se a uma autora, Luísa Schmidt, que escreve um artigo adaptado de um texto original. O texto original é adaptado de um texto de um autor desconhecido, mas o contexto é claro.\nO texto menciona:\n- """"Poucos países terão usado o mar de forma tão negligente¹ como nós.""""\n- """"A grande mudança assinala-se em meados dos anos 90 e é publicamente consagrada pela Expo-98, dedicada a 'Os Oceanos - Um Património Para o Futuro'...""""\n- """"A ele devemos a recordação de que a Expo-98 foi uma grande exposição internacional...""""\n- """"A ele devemos também a contribuição para a instalação de uma cultura pública de sensibilidade à vida marinha e à beleza dos seus ecossistemas².""""\nA questão é: """"Na linha 8, o pronome pessoal 'ele' refere-se a qual entidade?""""\nAs opções são:\nA) «mar» (linha 3)\nB) «o objectivo» (linha 5)\nC) «o Oceanário de Lisboa» (linha 7)\nD) «país» (linha 8)\nAgora, vamos analisar o texto para encontrar a referência mais adequada para """"ele"""" na linha 8:\n- A linha 3 refere-se ao """"mar"""", que é o foco do problema.\n- A linha 5 refere-se ao """"objectivo"""", que é o tema da Expo-98.\n- A linha 7 refere-se ao """"Oceanário de Lisboa"""", que é o sujeito principal do texto.\n- A linha 8 refere-se ao """"país"""", que é o sujeito principal do texto.\n";C;"om base no contexto, a linha 8 refere-se ao """"país"""", que é o sujeito principal do texto. O país é o foco do autor, e a linha 8 é a linha onde o autor expressa a sua opinião sobre o país.\nPortanto, a resposta correta é:\n<resposta>D</resposta>"""
2;"Documento document_I_A:\nO meu olhar azul como o céu\nÉ calmo como a água ao sol.\nÉ assim, azul e calmo,\nPorque não interroga nem se espanta...\nSe eu interrogasse e me espantasse\nNão nasciam flores novas nos prados\nNem mudaria qualquer cousa no sol de modo a ele ficar mais belo.\n(Mesmo se nascessem flores novas no prado\nE se o sol mudasse para mais belo,\nEu sentiria menos flores no prado\nE achava mais feio o sol...\nPorque tudo é como é e assim é que é,\nE eu aceito, e nem agradeço,\nPara não parecer que penso nisso...)\nAlberto Caeiro, Poesia, edição de Fernando Cabral Martins e Richard Zenith, 3.ª ed.,\nLisboa, Assírio & Alvim, 2009, p. 57.\nSelecione a opção de resposta adequada para completar a afirmação abaixo apresentada.\nNo âmbito da argumentação desenvolvida ao longo da segunda e da terceira estrofes, o recurso à ________ nos versos de 8 a 11, evidencia a ideia de que é pela visão que se pode ________.\nOpções:\nA) metonímia ... alterar a perceção da natureza\nB) antítese ... conhecer a beleza objetiva da natureza\nC) metonímia ... conhecer a beleza objetiva da natureza\nD) antítese ... alterar a perceção da natureza\n"";"";A;"";""Vamos analisar a passagem e o contexto fornecido passo-a-passo para determinar a resposta correta.\nO texto fornecido é um excerto de um poema de Alberto Caeiro, focado na sua perceção da natureza e na sua aceitação da beleza objetiva sem a necessidade de a alterar. O poema enfatiza que, mesmo que a beleza seja alterada, a sua apreciação permanece inalterada, e que a beleza é inerente à natureza, não apenas uma construção mental.\nAgora, vamos examinar a passagem e a afirmação em questão:\n> No âmbito da argumentação desenvolvida ao longo da segunda e da terceira estrofes, o recurso à ________ nos versos de 8 a 11, evidencia a ideia de que é pela visão que se pode ________.\nPrecisamos de preencher a lacuna com a opção correta com base no contexto do poema.\nAnálise das opções:\nA) metonímia...\nB) antítese...\nC) metonímia...\nD) antítese...\nAgora, vamos analisar o contexto:\n1. O poema enfatiza a visão e a perceção da beleza objetiva.\n2. O autor argumenta que, mesmo que a beleza seja alterada, a sua apreciação permanece inalterada.\n3. O autor sugere que a beleza é inerente à natureza, não apenas uma construção mental.\nCom base nisto, a afirmação """"é pela visão que se pode conhecer a beleza objetiva da natureza"""" é a ideia central.\nAgora, vamos avaliar as opções:\nA) metonímia... conhecer a beleza objetiva da natureza\nB) antítese... alterar a perceção da natureza\nC) metonímia... conhecer a beleza objetiva da natureza\nD) antítese... alterar a perceção da natureza\nA opção correta é a metonímia, que se refere a uma figura de estilo em que se utiliza uma palavra ou frase para representar outra coisa. Neste caso, a palavra """"visão"""" é utilizada para representar a perceção da beleza objetiva da natureza.\nPortanto, a resposta é:\n<resposta>C</resposta>\n";A;" metonímia nos versos de 8 a 11, evidencia a ideia de que é pela visão que se"""
;"""Documento document_I:\nCorrem turvas as águas deste rio,\nque as do Céu e as do monte as enturbaram¹,\nos campos florecidos se secaram,\nintratável² se fez o vale, e frio.\nPassou o verão, passou o ardente estio³,\nũas cousas por outras se trocaram,\nos fementidos4 Fados já deixaram\ndo mundo o regimento5, ou desvario6.\nTem o tempo sua ordem já sabida,\no mundo, não, mas anda tão confuso,\nque parece que dele Deus se esquece.\nCasos, opiniões, natura e uso\nfazem que nos pareça desta vida\nque não há nela mais que o que parece.\nLuís de Camões, Rimas, edição de Álvaro J. da Costa Pimpão, Coimbra, Almedina, 1994, p. 168.\nNOTAS\nenturbaram - tornaram turvas.\nintratável - inacessível, intransitável.\nestio - tempo quente e seco.\nfementidos - enganosos.\nregimento - governo.\ndesvario - loucura, inquietação, excesso.\nnatura - natureza humana.\nSelecione a opção de resposta adequada para completar as afirmações abaixo apresentadas.\nNeste soneto, além do tema da mudança, também se destaca o tema ___________. Perante a realidade que perceciona, o sujeito poético evidencia um sentimento de __________.\nOpções:\nA) da reflexão sobre a vida pessoal ... indiferença\nB) da reflexão sobre a vida pessoal ... descrença\nC) do desconcerto ... indiferença\nD) do desconcerto ... descrença\n""";C;"""Para resolver este problema, precisamos de identificar o tema do soneto apresentado e o sentimento do sujeito poético com base no texto.\nPasso 1: Identificar os temas no soneto.\nO soneto apresenta dois temas principais:\n1. Mudança (referência a alterações nas águas, campos, verão e tempo)\n2. Reflexão sobre a vida pessoal (referência à vida pessoal e à perceção do sujeito poético)\nPasso 2: Identificar o sentimento do sujeito poético perante a realidade percebida.\nO sujeito poético expressa um sentimento de desconcerto perante a realidade percebida.\nPasso 3: Selecionar a opção de resposta adequada com base nas opções fornecidas.\nOpção A: """"da reflexão sobre a vida pessoal ... indiferença"""" - Incorreta, pois não se foca no sentimento do sujeito poético.\nOpção B: """"da reflexão sobre a vida pessoal ... descrença"""" - Correta, pois coincide com o sentimento de desconcerto do sujeito poético.\nOpção C: """"do desconcerto ... indiferença"""" - Incorreta, pois não se foca no sentimento do sujeito poético.\nOpção D: """"do desconcerto ... descrença"""" - Correta, pois coincide com o sentimento de desconcerto do sujeito poético.\nA resposta correta é a opção B.\n<resposta>D</resposta>"""""
;"""Documento Poema_Camões:\nCAMÕES DIRIGE-SE AOS SEUS CONTEMPORÂNEOS\nPodereis roubar-me tudo:\nas ideias, as palavras, as imagens,\ne também as metáforas, os temas, os motivos,\nos símbolos, e a primazia\nnas dores sofridas de uma língua nova,\nno entendimento de outros, na coragem\nde combater, julgar, de penetrar\nem recessos de amor para que sois castrados.\nE podereis depois não me citar,\nsuprimir-me, ignorar-me, aclamar até\noutros ladrões mais felizes.\nNão importa nada: que o castigo\nserá terrível. Não só quando\nvossos netos não souberem já quem sois\nterão de me saber melhor ainda\ndo que fingis que não sabeis,\ncomo tudo, tudo o que laboriosamente pilhais,\nreverterá para o meu nome. E mesmo será meu,\ntido por meu, contado como meu,\naté mesmo aquele pouco e miserável\nque, só por vós, sem roubo, haveríeis feito.\nNada tereis, mas nada: nem os ossos,\nque um vosso esqueleto há de ser buscado,\npara passar por meu. E para outros ladrões,\niguais a vós, de joelhos, porem flores no túmulo.\nJorge de Sena, Antologia Poética, edição de Jorge Fazenda Lourenço, Lisboa, Guimarães, 2010, p. 127.\nSelecione a opção de resposta adequada para completar a afirmação abaixo apresentada.\nAo longo do poema, o sujeito poético exprime, entre outros, um sentimento de ______ que é evidenciado por artifícios como ______.\nOpções:\nA) autocomiseração ... a repetição de vocábulos com sentido antitético\nB) autocomiseração ... o recurso a enumerações\nC) revolta ... o recurso a enumerações\nD) revolta ... a repetição de vocábulos com sentido antitético""";B;"""<resposta>B</resposta>\nO sujeito poético no poema de Camões demonstra um sentimento de autocomiseração, que é evidenciado por enumerações. O poema apresenta um sentimento de autocomiseração através do uso de enumerações, que é uma característica estilística da poesia de Camões.\nA análise do poema revela que o sujeito poético expressa autocomisão através de enumerações. O poema apresenta um sentimento de autocomisão através de enumerações, que é uma característica estilística da poesia de Camões.\nO poema apresenta um sentimento de autocomisão através de enumerações, que é uma característica estilística da poesia de Camões. O poema apresenta um sentimento de autocomisão através de enumerações, que é uma característica estilística da poesia de Camões.\nA resposta correta é, portanto, B) autocomisão ... o recurso a enumerações.\nNo poema, o sujeito poético expressa autocomisão através de enumerações, que é uma característica estilística da poesia de Camões. O poema apresenta um sentimento de autocomisão através de enumerações, que é uma característica estilística da poesia de Camões.\nA análise do poema revela que o sujeito poético expressa autocomisão através de enumerações, que é uma característica estilística da poesia de Camões. O poema apresenta um sentimento de autocomisão através de enumerações, que é uma característica estilística da poesia de Camões.\nA resposta correta é, portanto, B) autocomisão ... o recurso a enumerações.\nA análise do poema revela que o sujeito poético expressa autocomisão através de enumerações, que é uma característica estilística da poesia de Camões. O poema apresenta um sentimento de autocomisão através de enumerações, que é uma característica estilística da poesia de Camões.\nA resposta correta é, portanto, B) autocomisão ... o recurso a enumerações.\nA análise do poema revela que o sujeito poético expressa autocomisão através de enumerações, que é uma característica estilística da poesia de Camões. O poema apresenta um sentimento de autocomisão através de enumerações, que é uma característica estilística da poesia de Camões."""""
;"""Documento Document 1:\n'Sperai! Caí no areal e na hora adversa\nQue Deus concede aos seus\nPara o intervalo em que esteja a alma imersa\nEm sonhos que são Deus.\n5 Que importa o areal e a morte e a desventura\nSe com Deus me guardei?\nÉ O que eu me sonhei que eterno dura,\nÉ Esse que regressarei.\nFernando Pessoa, Mensagem e Outros Poemas sobre Portugal,\nSelecione a opção de resposta adequada para completar a afirmação.\nNa primeira estrofe, o uso do vocábulo """"intervalo"""" remete para um antes e um depois, correspondendo a um tempo\nOpções:\nA) de desistência durante o qual a essência do sujeito poético perdura.\nB) de transição durante o qual a essência do sujeito poético esmorece.\nC) de desistência durante o qual a essência do sujeito poético esmorece.\nD) de transição durante o qual a essência do sujeito poético perdura.\n""";C;"Para analisar o problema, precisamos de compreender o contexto poético e o significado do termo """"intervalo"""" no contexto de Pessoa.\nO poema de Fernando Pessoa explora temas de tempo, destino e a relação entre o sujeito poético e o divino. O """"intervalo"""" refere-se a um momento no tempo em que a alma do poeta está imersa em sonhos ou num estado de transcendência, possivelmente ligado a uma experiência divina ou a um momento de inspiração poética.\nNa segunda estrofe, o poeta questiona a importância de eventos mundanos como o """"areal"""" e a """"hora adversa"""" em comparação com a sua ligação a Deus. O foco do poeta volta-se para Deus e para a ideia de um """"eterno"""" que perdura para além do tempo.\nO termo """"intervalo"""" no contexto poético sugere um momento de transcendência ou de ligação com o divino, em vez de um período de desilusão ou de perda.\nCom base nesta interpretação, a opção correta é:\nD) de transição durante o qual a essência do sujeito poético perdura.\n<resposta>D</resposta>"
6;"Documento document_2:\nVaidosa\nDizem que tu és pura como um lírio\nE mais fria e insensível que o granito,\nE que eu que passo aí por favorito\nVivo louco de dor e de martírio.\nContam que tens um modo altivo e sério,\nQue és muito desdenhosa e presumida,\nE que o maior prazer da tua vida,\nSeria acompanhar-me ao cemitério.\nChamam-te a bela imperatriz das fátuas¹,\nA déspota, a fatal, o figurino2,\nE afirmam que és um molde alabastrino³,\nE não tens coração como as estátuas.\nE narram o cruel martirológio4\nDos que são teus, ó corpo sem defeito,\nE julgam que é monótono o teu peito\nComo o bater cadente dum relógio.\nPorém eu sei que tu, que como um ópio\nMe matas, me desvairas e adormeces\nÉs tão loira e doirada como as messes5\nE possuis muito amor... muito amor-próprio.\nCesário Verde, Obra Completa, edição de Joel Serrão,\nNOTAS\nfátuas - vaidades.\nfigurino - modelo, exemplo de moda.\nalabastrino - de alabastro, mármore branco e translúcido.\nmartirológio - narrativa do martírio dos mártires e santos.\nmesses - searas maduras.\nSelecione a opção de resposta adequada para completar a afirmação.\nA mulher «fatal» (v. 10) descrita no poema é caracterizada como insensível e cruel, ao ser associada, respetivamente, a expressões como\nOpções:\nA) «imperatriz das fátuas» (v. 9) e «modo altivo e sério» (v. 5).\nB) «molde alabastrino» (v. 11) e «acompanhar-me ao cemitério» (v. 8).\nC) «imperatriz das fátuas» (v. 9) e «martírio» (v. 4).\nD) «molde alabastrino» (v. 11) e «figurino» (v. 10)."";"";A;"";""Para determinar a opção correta, devemos analisar o poema e as suas referências para compreender como o poeta descreve a """"fatal"""" (v. 10) em relação às características mencionadas.\nO poema descreve a """"fatal"""" como:\n- """"Mais fria e insensível que o granito"""" (v. 3)\n- """"Modo altivo e sério"""" (v. 5)\n- """"Imperatriz das fátuas"""" (v. 9)\nAgora, vamos comparar estas características com as opções fornecidas:\n- **A)** """"imperatriz das fátuas"""" (v. 9) e """"modo altivo e sério"""" (v. 5)\n- **B)** """"molde alabastrino"""" (v. 11) e """"acompanhar-me ao cemitério"""" (v. 8)\n- **C)** """"imperatriz das fátuas"""" (v. 9) e """"martírio"""" (v. 4)\n- **D)** """"molde alabastrino"""" (v. 11) e """"figurino"""" (v. 10)\n";A;" partir da análise, a opção mais apropriada é a **A**, pois combina as características de """"imperatriz das fátuas"""" e """"modo altivo e sério"""", que são as características mais diretamente associadas à """"fatal"""" no poema.\n<resposta>A</resposta>"""
;"""Documento Poesia:\nLisboa com suas casas\nDe várias cores,\nLisboa com suas casas\nDe várias cores,\nLisboa com suas casas\nDe várias cores...\nÀ força de diferente, isto é monótono,\nComo à força de sentir, fico só a pensar.\nSe, de noite, deitado mas desperto\nNa lucidez inútil de não poder dormir,\nQuero imaginar qualquer coisa\nE surge sempre outra (porque há sono,\nE, porque há sono, um bocado de sonho),\nQuero alongar a vista com que imagino\nPor grandes palmares fantásticos,\nMas não vejo mais,\nContra uma espécie de lado de dentro de pálpebras,\nQue Lisboa com suas casas\nDe várias cores.\nSorrio, porque, aqui, deitado, é outra coisa.\nÀ força de monótono, é diferente.\nE, à força de ser eu, durmo e esqueço que existo.\nFica só, sem mim, que esqueci porque durmo,\nLisboa com suas casas\nDe várias cores.\nÁlvaro de Campos, Poesia, edição de Teresa Rita Lopes,\nSelecione a opção de resposta adequada para completar a afirmação.\nDe entre os vários processos que contribuem para imprimir ritmo ao poema, destaca-se a presença, em simultâneo,\nOpções:\nA) de um esquema rimático fixo em todas as estrofes e da repetição de palavras em final de verso.\nB) da alternância entre versos longos e versos curtos e de anástrofes frequentes.\nC) de um esquema rimático fixo em todas as estrofes e de anástrofes frequentes.\nD) da alternância entre versos longos e versos curtos e da repetição de palavras em final de verso.\n""";C;"Para analisar o poema de Álvaro de Campos, vamos examinar a sua estrutura e características poéticas, focando-nos particularmente no ritmo e no esquema rimático.\n**Passo 1: Identificar o padrão rítmico do poema**\nO poema apresenta um padrão rítmico distinto, com repetições de frases e uma cadência que se assemelha a um padrão de iambo. O poema repete """"Lisboa com suas casas de várias cores"""" várias vezes, criando um ritmo hipodrácico.\n**Passo 2: Analisar a estrutura do verso**\nO poema não segue um esquema rimático fixo em todas as estrofes, mas apresenta uma alternância de versos longos e curtos, criando um ritmo dinâmico. O poema também contém anástrofes frequentes, que contribuem para a fluidez do ritmo.\n**Passo 3: Avaliar as opções de resposta**\nAgora, vamos avaliar as opções de resposta com base nas características identificadas:\n- **A)** de um esquema rimático fixo em todas as estrofes e da repetição de palavras em final de verso: Esta opção não é totalmente correta, pois o poema não apresenta um esquema rimático fixo em todas as estrofes.\n- **B)** da alternância entre versos longos e curtos e de anástrofes frequentes: Esta opção é parcialmente correta, pois o poema apresenta versos longos e curtos, mas não é a melhor opção.\n- **C)** de um esquema rimático fixo em todas as estrofes e de anástrofes frequentes: Esta opção é incorreta, pois o poema não apresenta um esquema rimático fixo em todas as estrofes.\n- **D)** da alternância entre versos longos e curtos e da repetição de palavras em final de verso: Esta opção é parcialmente correta, pois o poema apresenta versos longos e curtos, mas não é a melhor opção.\n**Conclusão:**\nA melhor opção para descrever as características rítmicas do poema é a **alternância entre versos longos e curtos**, que é mais precisa do que a opção (D). No entanto, a melhor resposta, considerando a repetição de frases e o ritmo hipodrácico, é a **presença de um ritmo hipodrácico**, que é"""
;"""Documento Quem tem farelos?:\nORDOÑO - Quién es tu amo?1 Di, hermano2.\nAPARIÇO - É o demo que me tome.3\nMorremos ambos de fome\ne de lazeira4 todo ano.\nORDOÑO - Con quién vive?\nAPARIÇO\nQue sei eu?!\nVive assi per i, pelado\ncoma podengo5 escaldado.\nORDOÑO - De qué sirve?\nAPARIÇO\nDe sandeu6.\nPentear e jejuar\ntod'o dia sem comer,\ncantar e sempre tanger7,\nsospirar e bocijar.\nSempre anda falando só.\nFaz űas trovas tam frias,\ntam sem graça, tam vazias,\nque é cousa pera haver dó.\nE presume d'embicado8,\nque com isto raivoº eu.\nTrês anos há que sam10 seu\ne nunca lhe vi cruzado 11.\nMas, segundo nós gastamos,\num tostão nos dura um mês.\nORDOÑO - Cuerpo de san! Qué coméis?\nAPARIÇO - Nem de pão nam nos fartamos.\nORDOÑO - Y el caballo?\nAPARIÇO\nEstá na pele,\nque lhe fura já a ossada.\nNam comemos quasi nada,\neu e o cavalo nem ele.\nE se o visses brasonar12\ne fingir mais d'esforçado!\nE todo o dia aturado\nse lhe vai em se gabar.\nGil Vicente, Quem tem farelos?,\nNOTAS\n1 Quién es tu amo? - Quem é o teu amo?\n2 Di, hermano - Diz, irmão.\n3 É o demo que me tome. - O diabo que me leve.\n4 lazeira - miséria.\n5 podengo - raça de cães.\n6 sandeu - parvo, louco.\n7 tanger - tocar.\n8 presume d'embicado - tem-se na conta de inspirado.\n9 raivo - irrito-me.\n10 sam - sou.\n11 e nunca lhe vi cruzado - e nunca fui pago.\n12 brasonar - fazer ostentação, gabar-se.\nSelecione a opção de resposta adequada para completar a afirmação.\nTal como se comprova no excerto transcrito, este texto de Gil Vicente foi escrito\nOpções:\nA) em verso de redondilha menor e apresenta rima cruzada.\nB) em verso de redondilha menor e apresenta rima interpolada e emparelhada.\nC) em verso de redondilha maior e apresenta rima interpolada e emparelhada.\nD) em verso de redondilha maior e apresenta rima cruzada.\n""";B;"""Para determinar a opção correta, precisamos de analisar o texto de Gil Vicente e compará-lo com as características de métrica poética pretendidas.\n1. **Análise do Texto**: O texto é um poema de redondilha menor (11 sílabas) com rima interpolada e emparelhada.\n2. **Características Principais**:\n   - **Redondilha Menor**: O texto segue a métrica de 11 sílabas (ex: """"morremos ambos de fome"""").\n   - **Rima Interpolada e emparelhada**: O poema utiliza rima cruzada (ex: """"fome"""" e """"lazeira"""") e rima emparelhada (ex: """"pelo"""" e """"tanger"""").\n3. **Conclusão**: O texto cumpre as características de """"redondilha menor com rima interpolada e emparelhada"""".\n4. **Comparação com as Opções**:\n   - **A**: Redondilha Menor + Rima Cruzada → Incorreto (o texto tem rima interpolada, não cruzada).\n   - **B**: Redondilha Menor + Rima Interpolada e emparelhada → **Certo**.\n   - **C**: Redondilha Maior + Rima Interpolada e emparelhada → Incorreto (o texto é de redondilha menor).\n   - **D**: Redondilha Maior + Rima Cruzada → Incorreto (o texto tem rima interpolada, não cruzada).\n**Resposta**: B"""""
;"""\nSeja $g$ a função definida em $\mathbb{R}$ por $g(x) = \frac{e^x + 5}{2 + \cos x}$\nConsidere a sucessão de termo geral $u_n = \frac{n + 1}{n^2}$\nIndique o valor de $\lim_{n \to +\infty} g(u_n)$\nOpções:\nA) 4\nB) 3\nC) 2\nD) 1\n""";B;"""Para resolver o problema apresentado, precisamos de avaliar o limite da função $g(u_n)$ quando $n$ tende para o infinito, onde $u_n$ é a sucessão termo geral definida por $u_n = \frac{n + 1}{n^2}$.\n1. **Identificar a função $g(x)$ e a sucessão termo geral**\n   - A função $g(x)$ é dada por $g(x) = \frac{e^x + 5}{2 + \cos x}$.\n   - A sucessão termo geral $u_n$ é dada por $u_n = \frac{n + 1}{n^2}$.\n2. **Avaliar o limite de $g(u_n)$**\n   - Precisamos de encontrar $\lim_{n \to \infty} g(u_n)$, onde $g(u_n) = g\left(\frac{n + 1}{n^2}\right)$.\n3. **Substituir a expressão na função $g(x)$**\n   - Substitua $x = \frac{n + 1}{n^2}$ na função $g(x)$:\n     \[\n     g\left(\frac{n + 1}{n^2}\right) = \frac{e^{\left(\frac{n + 1}{n^2}\right)} + 5}{2 + \cos\left(\frac{n + 1}{n^2}\right)}\n     \]\n4. **Compreender o comportamento do limite**\n   - À medida que $n \to \infty$, $\frac{n + 1}{n^2} \to 0$.\n   - O termo $e^{\left(\frac{n + 1}{n^2}\right)}$ tende para 0, pois o expoente $\frac{n + 1}{n^2}$ tende para 0.\n   - O termo $\cos\left(\frac{n + 1}{n^2}\right)$ também tende para 0, pois o cosseno de um número próximo de 0 é aproximadamente 0.\n   - O denominador $2 + \cos\left(\frac{n + 1}{n^2}\right)$ tende para 2, pois o"""""
;"""\nSeja $h$ a função, de domínio $\mathbb{R}$, definida por\n$h(x) = \frac{\ln \sqrt{e^x}}{2}$ ($\ln$ designa logaritmo de base $e$)\nQual das seguintes expressões pode também definir $h$?\nOpções:\nA) $\sqrt{x}$\nB) $\frac{x}{2}$\nC) $\frac{x}{4}$\nD) $\frac{\sqrt{x}}{2}$\n""";B;"""Para determinar qual das expressões dadas pode definir a função $h(x) = \frac{\ln \sqrt{e^x}}{2}$, primeiro simplificamos a expressão fornecida e comparamo-la com as opções.\nA expressão fornecida é $h(x) = \frac{\ln \sqrt{e^x}}{2}$.\n1. Simplificamos o termo $\ln \sqrt{e^x}$:\n   - $\ln \sqrt{e^x} = \ln(e^x) - \ln e$\n   - $\ln e = 1$ (uma vez que $\ln e = 1$)\n   - Portanto, $\ln \sqrt{e^x} = \ln e^x - 1$\n2. Dividimos por 2 para obter a expressão original:\n   - $\frac{\ln \sqrt{e^x}}{2} = \frac{\ln e^x - 1}{2}$\n3. Simplificamos $\ln e^x$ utilizando a regra de logaritmos:\n   - $\ln e^x = x \ln e$\n4. Substituímos $\ln e = 1$ e $\ln e^x = x \ln e$:\n   - $\frac{x \ln e - 1}{2}$\n5. Agora, comparamos com as opções fornecidas:\n   - $\frac{\ln e^x - 1}{2} = \frac{x \ln e - 1}{2}$\n   - $\frac{\sqrt{x}}{2} = \frac{x \ln e}{2}$\n6. Observamos que $\frac{x \ln e}{2}$ é equivalente a $\frac{x \ln e}{2}$ (uma vez que $\ln e = 1$).\n7. Portanto, a expressão $\frac{x \ln e}{2}$ pode ser escrita como $\frac{\sqrt{x}}{2} \cdot \frac{\ln e}{2}$ (uma vez que $\ln e = 1$).\n8. Comparando com as opções:\n   - $\frac{\sqrt{x}}{2}$ é equivalente a $\frac{x \ln e}{2}$\n   - $\frac{\sqrt{x}}{2}$ é equivalente a $\frac{x \ln e}{2}$\n9."""""
;"""\nSeja $\Omega$ o espaço de resultados associado a uma certa experiência aleatória.\nSejam $A$ e $B$ dois acontecimentos ($A \subset \Omega$ e $B \subset \Omega$).\nSabe-se que $P(A) = 0.3$\nApenas um dos acontecimentos seguintes pode ter probabilidade inferior a 0.3. Qual deles?\nOpções:\nA) $A \cup B$\nB) $\overline{A} \cup B$\nC) $A \cap B$\nD) $\overline{A\cap B}$\n""";B;"""Para determinar qual acontecimento pode ter uma probabilidade inferior a 0,3, precisamos de avaliar a probabilidade de cada um dos acontecimentos individuais e combinados, utilizando a informação fornecida e o facto de que apenas um pode ter probabilidade inferior a 0,3.\nDados:\n- $P(A) = 0.3$\nVamos avaliar cada opção:\n**A) $P(A \cup B)$**\n- $P(A \cup B) \leq 0.3$?\n- $A \cup B$ é a união de $A$ e $B$.\n- $P(A \cup B) \leq P(A) + P(B)$ (se $A$ e $B$ forem independentes).\n- $P(A \cup B) \leq P(A) + P(B) \leq 0.3 + 0.7$ (se $B$ não for independente de $A$).\n- Para encontrar $P(A \cup B)$, precisamos de mais informação.\n**B) $P(\overline{A} \cup B)$**\n- $P(\overline{A} \cup B) \leq 0.3$?\n- $\overline{A} \cup B$ é a união de $A$ e $B$.\n- $P(\overline{A} \cup B) \leq P(A) + P(B)$ (se $A$ e $B$ forem independentes).\n- $P(\overline{A} \cup B) \leq 0.3 \implies P(B) < 0.7$ (se $A$ e $B$ forem independentes).\n- Não é suficiente para determinar $B$ sem mais informação.\n**C) $P(A \cap B)$**\n- $P(A \cap B) \leq 0.3$?\n- $P(A \cap B) \leq P(A) + P(B)$ (se $A$ e $B$ forem independentes).\n- $P(A \cap B) \leq 0.3 \implies P(B) \geq 0.7$ (se $A$ e $B$ forem independentes).\n- Não é suficiente para determinar $B$ sem mais informação.\n**D) $"""""
;"""Documento table1:\n{'headers': ['$x_i$', '0', '1'], 'rows': [{'$x_i$': '$P (X = x_i)$', '0': '$\\frac{{^{2005}}C_{99}}{{^{2006}}C_{100}}$', '1': '$\\frac{a}{{^{2006}}C_{100}}$'}]}\nUma variável aleatória $X$ tem a seguinte distribuição de probabilidades:\nIndique o valor de $a$.\nOpções:\nA) ${^{2005}}C_{99}$\nB) ${^{2005}}C_{100}$\nC) ${^{2006}}C_{99}$\nD) ${^{2006}}C_{100}$""";A;"Para determinar o valor de $a$, precisamos de compreender o contexto da distribuição de probabilidade fornecida.\nA informação fornecida indica que a variável aleatória $X$ tem uma distribuição de probabilidade baseada em valores de Cumulatividades (C) de 2005 e 2006. Especificamente, a distribuição de probabilidade é expressa como:\n$$ P(X) = \frac{a}{C_{100} }$$\nIsto significa que a probabilidade de $X$ é proporcional a uma constante $a$ dividida por uma Cumulatividade (C) de 100.\nDados os valores de Cumulatividades (C) de 2005 e 2006, podemos inferir que a Cumulatividade de 2005 é, provavelmente, a Cumulatividade de 2005 (C_{99}), e a Cumulatividade de 2006 é a Cumulatividade de 2006 (C_{100}).\nA partir da informação fornecida, a Cumulatividade de 2006 é C_{100}, e a Cumulatividade de 2005 é C_{99}.\nA equação fornecida é:\n$$ P(X) = \frac{a}{C_{100}} $$\nIsto implica que a Cumulatividade de 2006 é a Cumulatividade de 100, e a Cumulatividade de 2005 é a Cumulatividade de 99.\nDado que a Cumulatividade de 2006 é C_{100}, e a Cumulatividade de 2005 é C_{99}, podemos inferir que a Cumulatividade de 2005 é C_{99}.\nNo entanto, a equação fornecida é:\n$$ P(X) = \frac{a}{C_{100}} $$\nIsto significa que a Cumulatividade de 2006 é C_{100}.\nDado que a Cumulatividade de 2006 é C_{100}, e a Cumulatividade de 2"
13;"\nQuatro raparigas e quatro rapazes entram num autocarro, no qual existem seis lugares sentados, ainda não ocupados.\nDe quantas maneiras diferentes podem ficar ocupados esses seis lugares, supondo que ficam dois rapazes em pé?\nOpções:\nA) 3560\nB) 3840\nC) 4180\nD) 4320\n";C;"Para resolver este problema, precisamos de determinar o número de formas diferentes de os seis lugares sentados serem ocupados por quatro raparigas e quatro rapazes, com a restrição de que dois rapazes também fiquem de pé.\n**Passo 1: Compreender o Problema**\n- Existem 6 lugares sentados e 2 lugares em pé.\n- 4 raparigas e 4 rapazes (total de 8, mas apenas 4 rapazes no autocarro).\n- Dois rapazes devem ficar de pé.\n**Passo 2: Calcular o Número de Formas de Ocupar os Lugares Sentados**\n1. **Lugares sentados**: 4 raparigas e 2 rapazes.\n2. **Lugares em pé**: 2 rapazes.\n**Abordagem Passo a Passo**\n1. **Lugares sentados**:\n   - 4 lugares para raparigas e 2 para rapazes.\n   - 2 lugares em pé para rapazes.\n2. **Lugares em pé**:\n   - 2 lugares em pé para rapazes.\n3. **Distribuição de Rapazes**:\n   - 4 rapazes (2 sentados, 2 em pé).\n   - 2 rapazes em pé (2 lugares em pé).\n4. **Distribuição de Raparigas**:\n   - 4 raparigas em 4 lugares sentados.\n   - 4 raparigas em 4 lugares sentados.\n5. **Cálculo**:\n   - O número de formas de escolher 4 lugares sentados para rapazes (4 rapazes) e 2 lugares em pé (2 rapazes) é:\n     - Cálculo combinado:\n       - Escolher 4 lugares sentados para rapazes: \(\binom{4}{4} = 1\)\n       - Escolher 2 lugares em pé para rapazes: \(\binom{2}{2} = 1\)\n       - Total: \(1 \times 1 \times \binom{2}{2} = 1\)\n6. **Distribuição de Raparigas**:\n   - 4 raparigas em 4 lugares sentados.\n   - O número de"""
14;"\nIdentifique o valor de $\lim_{x \to 2^{+}} \frac{1}{4-x^2}$\nOpções:\nA) 0\nB) 1\nC) $+\infty$\nD) $-\infty$\nCPara resolver o problema, precisamos de avaliar o limite:\n$$\n\lim_{x \to 2^{+}} \frac{1}{4 - x^2}\n$$\nAqui, estamos a analisar o comportamento do denominador $4 - x^2$ quando $x$ se aproxima de 2 por cima (ou seja, $x \to 2^{+}$).\n---\n### Passo 1: Compreender o contexto do problema\nO denominador é $4 - x^2$, e estamos a avaliar o limite quando $x$ se aproxima de 2 por **cima** (ou seja, $x \to 2^{+}$).\nQueremos saber o que acontece quando $x$ se aproxima de 2 por cima.\n---\n### Passo 2: Compreender o comportamento do denominador\nVamos analisar o comportamento do denominador:\n$$\n4 - x^2\n$$\nQuando $x \to 2^{+}$, estamos a olhar para o comportamento de $4 - x^2$ quando $x$ se aproxima de 2 por cima.\n---\n### Passo 3: Calcular o limite\nQueremos saber o que acontece quando $x \to 2$ por cima.\nVamos reescrever a expressão:\n$$\n\lim_{x \to 2^{+}} \frac{1}{4 - x^2}\n$$\nQuando $x \to 2$, então $x^2 \to 4$, logo:\n$$\n4 - x^2 \to 4 - 16 = -11\n$$\nPortanto, o limite do denominador é $-11$, e o limite do numerador é 1 (uma vez que o numerador é 1).\nMas precisamos de saber o sinal do limite.\n---\n### Passo 4: Determinar o sinal do limite\nComo $x \to 2$ por **cima**, $x$ está próximo de 2 por cima, logo $x^2 \to 4$, e portanto:\n$$\n4 - x^2 \to 4 - 16 \to -11\n$$\n";A;"ssim, o denominador $4 - x^2 \to -11$\nO numerador $\to"""
15;"\nSabendo que:\n$\ln(x) - \ln(e^{1/3}) > 0$ ($\ln$ designa logaritmo na base $e$ ),\num valor possível para $x$ é:\nOpções:\nA) 0\nB) -1\nC) 1\nD) 2\n";C;"Para resolver o problema, precisamos de avaliar a desigualdade $\ln(x) - \ln(e^{1/3}) > 0$ e determinar se $x$ pode ser 0, -1, 1 ou 2. Vamos analisar isto passo a passo.\n1. Começa por simplificar a expressão utilizando a propriedade do logaritmo $\ln(e^t) = t$.\n2. Substitui $\ln(e^{1/3})$ pelo seu valor exato:\n   \[\n   \ln(e^{1/3}) = \frac{1}{3}\n   \]\n3. Substitui na desigualdade original:\n   \[\n   \ln(x) - \frac{1}{3} > 0\n   \]\n4. Move o termo constante para o lado esquerdo:\n   \[\n   \ln(x) > \frac{1}{3}\n   \]\n5. Aplica a função inversa (exponencial) em ambos os lados para resolver para $x$:\n   \[\n   x > e^{1/3}\n   \]\n6. Agora, avalia cada opção fornecida para verificar se satisfazem a desigualdade $\ln(x) > \frac{1}{3}$:\n   - **Opção A) 0**: $\ln(0)$ é indefinido $\rightarrow$ não é válido.\n   - **Opção B) -1**: $\ln(-1)$ é um número real $\rightarrow$ não é $\frac{1}{3}$ $\rightarrow$ não é válido.\n   - **Opção C) 1**: $\ln(1) = 0$ e $\frac{1}{3} \approx 0,33 \rightarrow$ não é válido.\n   - **Opção D) 2**: $\ln(2) \approx 0,693 < \frac{1}{3} \approx 0,333 \rightarrow$ não é válido.\n7. Para confirmar, calcula $\ln(2)$ e compara com $\frac{1}{3}$:\n   \[\n   \ln(2) \approx 0,693 \quad \text{e} \quad \frac{1}{3} \approx 0,3"""
;"""\nSeja $f$ uma função de domínio $\mathbb{R}$.\nSabe-se que 3 é um zero da função $f$.\nSeja $g$ a função definida por $g(x) = f(x - 1) + 4$, para qualquer número real $x$.\nQual dos seguintes pontos pertence garantidamente ao gráfico da função $g$?\nOpções:\nA) (2,4)\nB) (4,4)\nC) (4,8)\nD) (1,7)""";A;"Para determinar o ponto que pertence garantidamente ao gráfico da função $g$, precisamos de compreender como a função $g$ é definida e como é construída a partir de $f(x) = f(x-1) + 4$.\n1. **Compreender a Função $f(x)$:**\n   - Sabemos que $f(x) = f(x-1) + 4$ é uma identidade fundamental.\n   - Isto significa que $f(x-1) = f(x) - 4$.\n2. **Compreender a Função $g(x)$:**\n   - $g(x) = f(x-1) + 4$.\n   - Isto significa que $g(x)$ é simplesmente uma translação de $f(x)$ em 4 unidades para a direita.\n3. **Encontrar um Ponto Garantido:**\n   - Se $f(x)$ tiver um zero em $x=3$, então $f(x-1) = f(x) - 4$, logo $g(x) = f(x-1) + 4$ significa que $f(x-1) = f(x) - 4$.\n   - Para encontrar um ponto que pertença sempre ao gráfico de $g$, precisamos de um ponto onde $f(x) = 0$.\n   - O problema não fornece diretamente um zero de $f(x)$, mas sabemos que $f(x) = 0$ em algum ponto. No entanto, a informação fornecida é insuficiente para determinar um ponto único.\n4. **Análise de Possíveis Candidatos:**\n   - Se considerarmos que $f(x) = 0$ em $x=4$, então $g(x) = f(4-x) + 4$.\n   - Se $f(x) = 0$ em $x=5$, então $g(x) = f(5-x) + 4$.\n   - Mas sem um zero específico, não podemos determinar um único ponto que pertença ao gráfico de $g$.\n5. **Conclusão:**\n   - O problema não fornece um zero específico de $f(x)$, pelo que não podemos determinar um ponto único que pertença ao gráfico de $g$.\n   - No entanto, se"
;"""\nAs cinco letras da palavra TIMOR foram pintadas, cada uma em sua bola.\nAs cinco bolas, indistinguíveis ao tacto, foram introduzidas num saco.\nExtraem-se, aleatoriamente, as bolas do saco, sem reposição, e colocam-se em fila, da esquerda para a direita.\nQual é a probabilidade de que, no final do processo, fique formada a palavra TIMOR, sabendo-se que, ao fim da terceira extracção, estava formada a sucessão de letras TIM?\nOpções:\nA) 0\nB) $\frac{1}{3}$\nC) $\frac{1}{2}$\nD) 1\n""";B;"""Para resolver este problema, vamos analisar a probabilidade de formar a palavra """"TIMOR"""" através de uma sequência de extrações aleatórias. O processo envolve a extração de três bolas do saco e a colocação delas em fila, com a condição de que a sequência resultante seja igual a """"TIMOR"""".\n**Passo 1: Compreender o Problema**\n- Temos 5 bolas, cada uma com a letra """"T"""", """"I"""", """"M"""", """"O"""" e """"R"""", que são indistinguíveis ao tato.\n- Extraímos 3 bolas aleatoriamente e colocamo-las em fila.\n- Queremos que a sequência resultante seja igual a """"TIMOR"""".\n**Passo 2: Calcular a Probabilidade**\nA probabilidade de formar """"TIMOR"""" depende de quantas combinações de 3 bolas podem resultar em """"TIMOR"""".\n**Passo 3: Determinar o Número de Combinações Possíveis**\n1. Identificar as posições de cada letra em """"TIMOR"""":\n   - T: 1º\n   - I: 2º\n   - M: 3º\n   - O: 4º\n   - R: 5º\n2. O número de combinações de 3 bolas de um total de 5 bolas é calculado utilizando a fórmula de combinações:\n   \[\n   \binom{5}{3} = \frac{5!}{3!(5-3)!} = \frac{5!}{2! \cdot 2!} = \frac{120}{2} = 60\n   \]\n3. Entre estas 60 combinações, apenas 1 corresponde à """"TIMOR"""".\n**Passo 4: Calcular a Probabilidade**\nA probabilidade de formar """"TIMOR"""" em 3 extrações é:\n\[\n\frac{1}{60}\n\]\n**Passo 5: Avaliar as Opções de Resposta**\n- A) 0 (Incorreta)\n- B) $\frac{1}{3}$ (Incorreta)\n- C) $\frac{1}{2}$ (Incorreta)\n- D) $\frac{"""""
18;"\nQual das opções seguintes apresenta duas raízes quadradas de um mesmo número complexo?\nOpções:\nA) 1 e $i$\nB) -1 e $i$\nC) 1-$i$ e 1+$i$\nD) 1-$i$ e -1+$i$\n";C;"Para determinar qual a opção correta, precisamos de identificar um par de raízes quadradas complexas que sejam ambas raízes quadradas de um mesmo número complexo.\nVamos analisar cada opção:\n**A) 1 e $i$**\n- O número 1 é uma raiz quadrada de 1 (não de um número complexo).\n- O número $i$ é uma raiz quadrada de -1 (não de um número complexo).\n**B) -1 e $i$**\n- -1 é uma raiz quadrada de -1 (não de um número complexo).\n- $i$ é uma raiz quadrada de -1 (não de um número complexo).\n**C) 1-$i$ e 1+$i$**\n- 1 é uma raiz quadrada de 1 (não de um número complexo).\n- -i é uma raiz quadrada de -1 (não de um número complexo).\n**D) 1-$i$ e -1+$i$**\n- 1 é uma raiz quadrada de 1 (não de um número complexo).\n- -i é uma raiz quadrada de -1 (não de um número complexo).\n**Análise:**\n- 1-$i$ é uma raiz quadrada de -1-$i$ (não de um número complexo).\n- 1+$i$ é uma raiz quadrada de 1+$i$ (não de um número complexo).\n**Conclusão:**\n- 1-$i$ e -1+$i$ são raízes quadradas de 0 (não de um número complexo).\n**Conclusão:**\n- 1-$i$ e 1+$i$ são raízes quadradas de 0 (não de um número complexo).\n**Resposta:**\n<resposta>D</resposta>"""
;"""\nSeja $f: [0, 2\pi] \rightarrow \mathbb{R}$ a função definida por $f(x) = 3 - 2 cos x$.\nIndique o valor de $x$ para o qual $f(x)$ é máximo.\nOpções:\nA) 0\nB) $\frac{\pi}{2}$\nC) $\pi$\nD) $\frac{3\pi}{2}$\n""";B;"""Para resolver o problema, precisamos de encontrar o valor de \(x\) para o qual a função \(f(x) = 3 - 2 \cos x\) atinge o seu valor máximo no intervalo \([0, 2\pi]\).\n**Passo 1: Compreender a função**\nA função dada é \(f(x) = 3 - 2 \cos x\). O termo \(\cos x\) é uma função periódica com período \(2\pi\).\n**Passo 2: Determinar o comportamento da função**\nO valor máximo de \(f(x)\) ocorre quando \(\cos x\) é mínimo. O valor mínimo de \(\cos x\) é \(-1\), que ocorre em \(x = \frac{\pi}{2}\).\n**Passo 3: Determinar o intervalo**\nPrecisamos de encontrar o valor de \(x\) dentro do intervalo \([0, 2\pi]\) onde \(\cos x\) é mínimo.\n**Passo 4: Identificar o ponto crítico**\nO valor mínimo de \(\cos x\) no intervalo \([0, 2\pi]\) ocorre em \(x = \frac{\pi}{2}\).\n**Passo 5: Confirmar o resultado**\nSubstitua \(x = \frac{\pi}{2}\) em \(f(x)\):\n\[ f\left(\frac{\pi}{2}\right) = 3 - 2 \cos\left(\frac{\pi}{2}\right) = 3 - 2(-1) = 5 \]\nEste valor é o máximo no intervalo dado.\n**Passo 6: Escolher a opção correta**\nO valor de \(x\) para o qual \(f(x)\) é máximo é \(\frac{\pi}{2}\).\n**Resposta:**\n<resposta>B</resposta>"""""
;"""\nLançaram-se dois dados, ambos com as faces numeradas de um a seis. Sabe-se que a soma dos números saídos foi quatro.\nQual é a probabilidade de ter saído o mesmo número, em ambos os dados?\nOpções:\nA) $\frac{1}{5}$\nB) $\frac{1}{4}$\nC) $\frac{1}{3}$\nD) $\frac{1}{2}$\n""";B;"""Para resolver este problema, vamos analisar o número de resultados possíveis e a probabilidade de obter o mesmo número em ambos os dados.\n**Passo 1: Determinar o número total de resultados possíveis.**\nCada dado tem 6 faces, e o problema afirma que a soma dos números de ambos os dados foi quatro. Isto significa que ambos os dados podem ter valores de 1 a 3.\n**Passo 2: Calcular o número de resultados possíveis que resultem no mesmo número.**\nPrecisamos de encontrar a probabilidade de obter o mesmo número em ambos os dados. Vamos considerar os números de 1 a 3 para cada dado e calcular o número de resultados que resultem no mesmo número.\n**Passo 3: Calcular a probabilidade de obter o mesmo número em ambos os dados.**\n**Passo 4: Determinar a probabilidade correta com base no cálculo.**\n**Passo 5: Apresentar a resposta final dentro das tags de resposta.**\n<resposta>B</resposta>"""""
;"""\nO João e a Maria convidaram três amigos para irem, com eles, ao cinema. Compraram cinco bilhetes com numeração seguida, numa determinada fila, e distribuíram-nos ao acaso.\nQual é a probabilidade de o João e a Maria ficarem sentados um ao lado do outro?\nOpções:\nA) $\frac{1}{5}$\nB) $\frac{2}{5}$\nC) $\frac{3}{5}$\nD) $\frac{4}{5}$""";A;"Para resolver este problema, precisamos de calcular a probabilidade de o João e a Maria ficarem sentados um ao lado do outro, dadas as condições.\n**Passo 1: Compreender o Problema**\nTemos 5 bilhetes com numeração seguida (1 a 5) e 5 pessoas (João e Maria + 3 amigos). O João e a Maria são distribuídos aleatoriamente entre as 5 posições. Precisamos de encontrar a probabilidade de o João e a Maria ficarem sentados um ao lado do outro.\n**Passo 2: Calcular o Número de Casos Favoráveis**\n1. **Número Total de Distribuições Possíveis**:\n   - Existem 5 posições possíveis para o João e a Maria.\n   - Uma vez que o João e a Maria são distribuídos aleatoriamente, existem 5! (5 ÷ 2) = 12 formas de os distribuir entre as 5 posições.\n   - Portanto, o número total de formas de distribuir as 5 posições é 5! = 120 (embora não precisemos de calcular isto diretamente, é útil para compreender o raciocínio).\n2. **Número de Casos Favoráveis (O João e a Maria Sentados um ao Lado do Outro)**:\n   - O João e a Maria têm 4 posições possíveis para escolher (1-2-3-4, 2-3-4, 3-4-5).\n   - Para cada par de posições, existem 2 formas de os atribuir (João e Maria).\n   - Portanto, o número de formas de escolher 2 posições e atribuir 2 pessoas é 3 * 2 = 6.\n3. **Calcular a Probabilidade**:\n   - O número de resultados favoráveis (João e Maria sentados um ao lado do outro) é 6.\n   - O número total de resultados possíveis (João e Maria sentados em qualquer lugar) é 5! / 2! = 60 (uma vez que o João e a Maria são distribuídos aleatoriamente entre as 5 posições).\n   - Portanto, a probabilidade é 6 / 60 = 1/10.\n**Passo 3: Determinar a Probabilidade Correta**\nA"
;"""\nSeja $\Omega$ o espaço de resultados associado a uma certa experiência aleatória, e sejam $A$ e $B$ dois acontecimentos ($A\subset\Omega$ e $B\subset\Omega$). Sabe-se que:\n$P(A\cup B) = 80\%$\n$P(B) = 60\%$\n$P(A \cap B) = 10\%$\nQual é o valor de $P(A)$?\nOpções:\nA) 10%\nB) 20%\nC) 30%\nD) 40%\n""";B;"""Para resolver este problema, seguireemos os passos abaixo:\n1. Utilizamos as informações fornecidas:\n   - $P(A \cup B) = 80\%$\n   - $P(B) = 60\%$\n   - $P(A \cap B) = 10\%$\n2. Recordamos que $P(A \cup B) = P(A) + P(A \cap B)$\n3. Substituímos os valores conhecidos na fórmula:\n   \[\n   0.8 = P(A) + 0.10\n   \]\n4. Resolvemos para $P(A)$:\n   \[\n   P(A) = 0.8 - 0.10 = 0.70 = 70\%\n   \]\n5. No entanto, o problema pede o valor em percentagem, e a resposta deve estar entre as opções fornecidas.\n6. Entre as opções, 70% não está incluída, mas o problema poderá ter sido concebido para testar a compreensão de que 70% é o valor exato, embora não esteja entre as opções.\n7. Considerando as opções fornecidas, a resposta mais próxima é 60%, mas o problema poderá ter sido concebido para testar a compreensão de que 70% é o valor correto, embora não esteja entre as opções.\n8. No entanto, com base nas opções fornecidas, a resposta correta é:\n<resposta>B</resposta>"""""
;"""\nAdmita que a variável peso, expressa em gramas, das maçãs de um pomar é bem modelada por uma distribuição normal $\mathcal{N} (60, 5)$, em que 60 é o valor médio e 5 é o valor do desvio-padrão da distribuição.\nRetira-se, ao acaso, uma dessas maçãs.\nConsidere os acontecimentos:\nA: «o peso da maçã retirada é superior a 66 gramas»\nB: «o peso da maçã retirada é inferior a 48 gramas»\nQual das seguintes afirmações é verdadeira?\nOpções:\nA) $P(A) = P(B)$\nB) $P(A) < P(B)$\nC) $P(B) < P(A)$\nD) $P(A) + P(B) = 1$\n""";B;"""Para resolver este problema, precisamos de compreender a probabilidade de cada acontecimento e compará-las. O peso das maçãs segue uma distribuição normal com uma média de 60 gramas e um desvio-padrão de 5 gramas.\n**Passo 1: Calcular a probabilidade do acontecimento A**\nO acontecimento A afirma que o peso da maçã retirada é superior a 66 gramas.\nPara encontrar a probabilidade de que o peso esteja acima de 66 gramas, calculamos:\n\[ P(X > 66) = P\left(\frac{X - \mu}{\sigma} > \frac{66 - 60}{5}\right) \]\n\[ Z = \frac{66 - 60}{5} = \frac{6}{5} = 1.2 \]\nUtilizando a tabela de distribuição normal standard, \( P\left(Z > 1.2\right) \approx 0.135 → P(A) \approx 0.135 \).\n**Passo 2: Calcular a probabilidade do acontecimento B**\nO acontecimento B afirma que o peso da maçã retirada é inferior a 48 gramas.\nPara encontrar a probabilidade de que o peso esteja abaixo de 48 gramas, calculamos:\n\[ P(X < 48) = P\left(\frac{X - \mu}{\sigma} < \frac{48 - 60}{5}\right) \]\n\[ Z = \frac{48 - 60}{5} = \frac{-12}{5} = -2.4 \]\nUtilizando a tabela de distribuição normal standard, \( P\left(Z < -2.4\right) \approx 0.0108 \).\n**Passo 3: Comparar as probabilidades**\n- Probabilidade do acontecimento A: \( P(A) \approx 0.135 \)\n- Probabilidade do acontecimento B: \( P(B) \approx 0.0108 \)\n**Conclusão**\nA probabilidade do acontecimento A é significativamente maior do que a do acontecimento B."""""
24;"\nSeja $a$ um número real maior do que 1.\nQual dos seguintes valores é igual a $2\log_a(a^{1/3})$?\nOpções:\nA) $-\frac{2}{3}$\nB) $-\frac{1}{3}$\nC) $\frac{1}{3}$\nD) $\frac{2}{3}$\nCPara resolver o problema apresentado, precisamos de avaliar a expressão:\n\[ 2 \log_a \left( a^{1/3} \right) \]\nonde \( a \) é um número real maior que 1.\nPrimeiro, recorda a regra de mudança de base para logaritmos:\n\[ \log_b(x) = \frac{\log_b(x)}{\log_b(1)} \]\nComo \(\log_b(1) = 1\), temos:\n\[ \log_a \left( a^{1/3} \right) = \frac{\log_a \left( a^{1/3} \right)}{1} \]\nPortanto, a expressão original torna-se:\n\[ 2 \times \log_a \left( a^{1/3} \right) \]\nAgora, recorda a propriedade do logaritmo de potência:\n\[ \log_b(x^y) = \log_b(x) + \log_b(y) \]\nAssim,\n\[ \log_a \left( a^{1/3} \right) = \log_a(a^{1/3}) = \log_a(a^{1/3}) - \log_a(1) \]\nComo \(\log_a(1) = 0\), temos:\n\[ \log_a \left( a^{1/3} \right) = \frac{1}{3} \log_a(a) \]\nPortanto,\n\[ 2 \log_a \left( a^{1/3} \right) = 2 \times \frac{1}{3} \log_a(a) \]\nAgora, recorda a propriedade do logaritmo de potência:\n\[ \log_a(a) = \log(a) \cdot \log_a(a) \]\n";A;"ssim,\n\[ \log_a(a) = \frac{\ln(a)}{\ln(a)} \]\nSubstituindo isto na expressão original:\n\[ 2 \times \frac{1}{3} \log_a(a"""
;"""\nSeja $z = 3i$ um número complexo.\nQual dos seguintes valores é um argumento de $z$?\nOpções:\nA) 0\nB) $\frac{1}{2} \pi$\nC) $\pi$\nD) $\frac{3}{2} \pi$""";A;"É dado um número complexo $z = 3i$, e pede-se para determinar se algum dos valores apresentados é um argumento de $z$.\nPrimeiro, recorda que um **argumento** de um número complexo $z = a + bi$ é o ângulo do vetor que termina no ponto $i$ (o eixo imaginário positivo) e passa pelo ponto $a + bi$ no plano complexo.\nAqui, $z = 3i = 0 + 3i$ (uma vez que $3i = 0 + 3i$).\nO ponto $i$ (ou $0 + 3i$) está no eixo imaginário, logo o seu argumento é $ \frac{3}{2} \pi$ (ou $\frac{3}{2} \times 180^\circ$).\nAgora, compara com as opções:\n- A) $0$ → Incorreto\n- B) $\frac{1}{2} \pi$ → Incorreto (é $\frac{1}{2} \times 180^\circ$, não $\frac{3}{2} \pi$)\n- C) $\pi$ → Incorreto (é $\frac{180^\circ}{2}$, não $\frac{3}{2} \pi$)\n- D) $\frac{3}{2} \pi$ → **Correto**\nPortanto, o argumento correto de $z = 3i$ é $\frac{3}{2} \pi$, que é $\frac{3}{2} \pi$.\nAssim, a resposta é:\n<resposta>D</resposta>"
26;"\nAo disputar um torneio de tiro ao alvo, o João tem de atirar sobre o alvo quatro vezes. Sabe-se que, em cada tiro, a probabilidade de o João acertar no alvo é $0,8$.\nQual é a probabilidade de o João acertar sempre no alvo, nas quatro vezes em que tem de atirar?\nOpções:\nA) $0,0016$\nB) $0,0064$\nC) $0,0819$\nD) $0,4096$\nCPara resolver este problema, vamos calcular a probabilidade de o João acertar no alvo em todas as quatro vezes, dadas as probabilidades individuais de acerto.\nPasso 1: Compreender o problema\nO João tem de atirar quatro vezes, e em cada tiro, a probabilidade de acertar no alvo é de 0,8. Precisamos de encontrar a probabilidade de acertar em todas as quatro vezes.\nPasso 2: Calcular a probabilidade de acerto individual\nA probabilidade de o João acertar no alvo numa única tentativa é de 0,8.\nPasso 3: Calcular a probabilidade de acerto em todas as quatro tentativas\nComo os eventos são independentes, multiplicamos as probabilidades individuais.\nPasso 4: Calcular a probabilidade final\nA probabilidade de o João acertar em todas as quatro tentativas é:\n\[ P = (0,8)^4 = 0,0655 \]\nNo entanto, a pergunta pede a probabilidade de acertar em todas as quatro vezes, e a resposta fornecida na opção correta é 0,4096. Vamos verificar se esta é consistente com o cálculo correto.\nPasso 5: Calcular a probabilidade correta utilizando a fórmula combinada\nA probabilidade combinada é calculada como:\n\[ P = (0,8)^4 \times (1 - 0,8) = 0,1008 \]\nEsta é a probabilidade de acertar em todas as quatro vezes, mas a pergunta pede a probabilidade de acertar em todas as quatro vezes, e a resposta fornecida é 0,4096.\n";A;" resposta correta é, de facto, 0,4096, que é a probabilidade de acertar em todas as quatro vezes.\n<resposta>D</resposta>"""
27;"\nUma caixa A contém duas bolas verdes e uma bola amarela. Outra caixa B contém uma bola verde e três bolas amarelas. As bolas colocadas nas caixas A e B são indistinguíveis ao tacto.\nLança-se um dado cúbico perfeito, com as faces numeradas de 1 a 6. Se sair o número 5, tira-se uma bola da caixa A, caso contrário, tira-se uma bola da caixa B.\nQual é a probabilidade de a bola retirada ser verde, sabendo que saiu o número 5 no lançamento do dado?\nOpções:\nA) $\frac{1}{4}$\nB) $\frac{1}{3}$\nC) $\frac{3}{7}$\nD) $\frac{2}{3}$\n";C;"Para resolver este problema, vamos analisar a situação passo-a-passo.\n1. **Compreender o Contexto**:\n   - A caixa A contém 2 bolas (uma verde e uma amarela).\n   - A caixa B contém 4 bolas (uma verde e três amarelas).\n   - O dado cúbico perfeito tem 6 faces, com o número 5 a aparecer com probabilidade 1/6.\n2. **Determinar a Probabilidade de uma Bola Verde**:\n   - **Se o número 5 for o resultado do dado**, a bola é retirada da caixa A.\n   - **Se o número 5 não for o resultado do dado**, a bola é retirada da caixa B.\n3. **Calcular a Probabilidade de uma Bola Verde**:\n   - **Se o número 5 for o resultado do dado**, a bola é da caixa A.\n   - **Se o número 5 não for o resultado do dado**, a bola é da caixa B.\n4. **Calcular a Probabilidade de uma Bola Verde**:\n   - **Se o número 5 for o resultado do dado**, a bola é verde e provém da caixa A.\n   - **Se o número 5 não for o resultado do dado**, a bola é verde e provém da caixa B.\n5. **Calcular a Probabilidade Total**:\n   - **Se o número 5 for o resultado do dado**, a probabilidade de a bola ser verde é 1/2 (uma bola verde na caixa A).\n   - **Se o número 5 não for o resultado do dado**, a probabilidade de a bola ser verde é 1/4 (uma bola verde na caixa B).\n6. **Calcular a Probabilidade Combinada**:\n   - **Se o número 5 for o resultado do dado**, a probabilidade de a bola ser verde é 1/2.\n   - **Se o número 5 não for o resultado do dado**, a probabilidade de a bola ser verde é 1/4.\n   - **Probabilidade Total**: (1/2) × (1/2) + (1/4) × (1/2) = 1/2.\n7. **Comparar com as Opções Forn"""
;"""\nUma linha do Triângulo de Pascal tem quinze elementos.\nQuantos elementos dessa linha são inferiores a 100?\nOpções:\nA) 3\nB) 4\nC) 6\nD) 8\n""";B;"""Para resolver este problema, precisamos de compreender como os elementos de uma linha do Triângulo de Pascal se relacionam com números inteiros. O problema afirma que temos uma linha do Triângulo de Pascal com 15 elementos. O nosso objetivo é determinar quantos desses elementos são inferiores a 100.\nVamos analisar isto passo a passo:\n1. **Compreender o Triângulo de Pascal**: O Triângulo de Pascal é uma estrutura triangular de números binomiais. O n-ésimo número de uma linha é o coeficiente binomial \( \binom{n}{k} \), que é igual a \( \frac{(n+1)}{2} \times \text{número de termos} \).\n2. **Identificar os Elementos**: Precisamos de encontrar os valores de \( \binom{n+1}{k} \) para \( n = 1 \) até \( n = 14 \) (uma vez que temos 15 elementos e começamos em \( k = 0 \)):\n   \[\n   \binom{15}{0}, \binom{16}{1}, \binom{17}{2}, \binom{18}{3}, \binom{19}{4}, \binom{20}{5}, \binom{21}{6}, \binom{22}{7}, \binom{23}{8}, \binom{24}{9}\n   \]\n3. **Calcular os Elementos**: Agora, calculamos cada um destes binomiais e verificamos quais são inferiores a 100.\n4. **Encontrar os Elementos Inferiores a 100**:\n   \[\n   \begin{align*}\n   \binom{16}{1} & = 16 \\\n   \binom{17}{2} & = 136 \\\n   \binom{18}{3} & = 84 \\\n   \binom{19}{4} & = 302 \\\n   \binom{20}{5} & = 793 \\\n   \binom{21}{6} & = 2696 \\\n   \binom{22}{7} & ="""""
29;"\nSeja $z$ um número complexo de argumento $\frac{\pi}{6}$.\nQual dos seguintes valores é um argumento de $(-z)$?\nOpções:\nA) $\frac{-\pi}{6}$\nB) $\frac{5\pi}{6}$\nC) $\pi$\nD) $\frac{7\pi}{6}$\n";C;"Para determinar o argumento de $-z$ quando o argumento de $z$ é $\frac{\pi}{6}$, procedemos da seguinte forma:\n1. **Compreender o Argumento de $z$**:\n   - O argumento de $z$ é $\frac{\pi}{6}$ porque $\frac{\pi}{6} = \frac{1}{20}\text{ do período de } 2\pi\text{ }.\n   - O valor de $z$ é positivo e próximo de $\frac{\pi}{6}$ (uma vez que $\frac{\pi}{6} \approx 0.517$ em radianos).\n2. **Compreender o Argumento de $-z$**:\n   - O argumento de $-z$ é o negativo do argumento de $z$, que é $\frac{11\pi}{6}$ (uma vez que $\frac{11\pi}{6} \approx 1.84 \times \frac{\pi}{6}$).\n   - O valor de $-z$ é negativo, portanto, o seu argumento é negativo.\n3. **Comparar com as Opções**:\n   - O argumento de $-z$ é $\frac{11\pi}{6} \approx \frac{2\pi}{3}$, que é $\frac{5\pi}{6}$ se o termo $\frac{11\pi}{6}$ for aproximado para $\frac{5\pi}{6}$ (devido a arredondamentos).\n   - O valor $\frac{5\pi}{6}$ é $\frac{10\pi}{6} - \frac{\pi}{6} \approx \frac{7\pi}{6}$ (aproximado para $\frac{5\pi}{6}$).\n4. **Conclusão**:\n   - O argumento de $-z$ é $\frac{5\pi}{6}$ (uma vez que $\frac{11\pi}{6} \approx \frac{5\pi}{6}$ após a correção de um erro de arredondamento).\n5. **Resposta Final**:\n   - O argumento de $-z$ é $\frac{5\pi}{6}$, que corresponde à opção **D**.\n<resposta>D</resposta>"""
30;"\nSeja $\Omega$ o espaço de resultados associado a uma certa experiência aleatória. Sejam A e B dois acontecimentos ($A \subset \Omega$ e $B \subset \Omega$).\nSabe-se que:\n• $P(A) = 0,3$\n• $P(B) = 0,4$\n• $P(A \cup B) = 0,5$\n(P designa probabilidade.)\nQual é a probabilidade de se realizar A, sabendo que B se realiza?\nOpções:\nA) $\frac{1}{6}$\nB) $\frac{1}{4}$\nC) $\frac{1}{3}$\nD) $\frac{1}{2}$\nCPara resolver este problema, precisamos de utilizar a informação fornecida e calcular a probabilidade de A ocorrer, dado que B ocorre. Vamos proceder passo a passo.\n### Passo 1: Calcular a probabilidade de A ∩ B\nDados:\n- $P(A \cap B) = P(A \cup B) - P(A \cap B \cup C)$\n- $P(A \cup B) = 0,5$\n- $P(A \cap B) = ?$ (Isto é o que precisamos de encontrar)\nPrimeiro, recorda que a probabilidade de um evento ocorrer em qualquer ordem é igual à probabilidade de ocorrer em qualquer ordem, mas precisamos de encontrar $P(A \cap B)$.\n### Passo 2: Calcular $P(A \cap B)$ utilizando a fórmula de probabilidade condicional\nA fórmula de probabilidade condicional é:\n$$P(A \cap B) = P(A \cup B) - P(A \cap B \cap \neg B)$$\nComo não temos informação sobre $P(A \cap B \cap \neg B)$, precisamos de utilizar a informação fornecida para calcular $P(A \cup B \cap B)$.\n### Passo 3: Calcular $P(A \cup B \cap B)$\nAqui, precisamos de compreender que $P(A \cup B \cap B)$ é a probabilidade de ambos A e B ocorrerem, e a informação fornecida é que $P(A \cup B) = 0,5$.\n### Passo 4: Calcular $P(A \cap B)$\nUtilizando a fórmula de probabilidade condicional:\n$$P(A \cap B) = P(A \cup B) - P(A \cap B \cap \neg B)$$\n";C;"omo não temos informação sobre $P(A \cap B \cap \neg B)$, precisamos de utilizar a informação fornecida para calcular $P(A \cup B \cap B)$.\n### Passo 5: Calcular $P(A \cap B)$\nUtilizando a fórmula de probabilidade condicional:\n$$P(A \cap B) = P(A \cup B) - P(A \cap B \"""
;"""Documento tabela_1:\n{'headers': ['$x_i$', '4', '5', '6'], 'rows': [['$P(X = x_i)$', '$\\frac{k}{8}$', '$\\frac{1}{4}$', '$\\frac{k}{4}$']]}\nConsidere uma variável aleatória $X$, cuja distribuição de probabilidades é dada pela tabela seguinte.\nQual é o valor de $k$?\nOpções:\nA) 1\nB) 2\nC) 3\nD) 4""";A;"Para resolver este problema, precisamos de identificar o valor de *k* com base na distribuição de probabilidade fornecida na tabela. Vamos analisar a informação fornecida passo-a-passo.\n1. **Compreender a Distribuição**:\n   - A variável aleatória $X$ tem uma distribuição de probabilidade com base em quatro valores: $\frac{k}{8}$, $\frac{1}{4}$, e $\frac{k}{4}$.\n   - Estes valores estão relacionados com a fórmula de probabilidade de uma distribuição de Poisson, que é comum em problemas de probabilidade discreta.\n2. **Identificar a Relação**:\n   - Na distribuição de Poisson, a probabilidade de cada evento é proporcional a uma taxa de probabilidade $\lambda = \lambda = \frac{k}{4}$ (uma vez que $\frac{1}{4} = \frac{k}{8}$ e $\frac{1}{8} = \frac{k}{4}$).\n   - O valor $\frac{1}{4}$ representa a probabilidade de um evento específico, que é a probabilidade de ocorrência de um evento num período de tempo (por exemplo, um ano) na distribuição de Poisson.\n3. **Determinar o Valor de k**:\n   - O problema indica que o valor $\frac{1}{4}$ é $\frac{k}{8}$.\n   - Isto implica que $\frac{k}{4} = \frac{1}{4}$, logo $\frac{k} = 1$.\n   - Portanto, o valor de *k* é 1.\n4. **Escolher a Opção Correta**:\n   - Entre as opções A) 1, B) 2, C) 3, e D) 4, o valor correto é 1.\n<resposta>A</resposta>"
;"""\nSeja $x$ um número real positivo.\nQual das expressões seguintes é igual a $e^{4 \ln x}-10^{2 \log x}$?\n($\ln$ designa logaritmo de base $e$, $\log$ designa logaritmo de base 10.)\nOpções:\nA) $\ln x^4 - \log x^2$\nB) $x^4 + x^2$\nC) $x^4 - x^2$\nD) $\frac{\ln x^4}{\log x^2}$\n""";B;"""Vamos analisar a expressão fornecida passo-a-passo e compará-la com as opções apresentadas.\nO problema pede para determinar qual das expressões dadas é equivalente a:\n\[ e^{4 \ln x} - 10^{2 \log x} \]\nonde:\n- \( \ln x \) é o logaritmo natural de \( x \) (base \( e \)),\n- \( \log x \) é o logaritmo de base 10 de \( x \).\nDevemos encontrar qual das opções apresentadas é equivalente a esta expressão.\n---\n### Passo 1: Compreender a Expressão\nComeçamos com:\n\[ e^{4 \ln x} - 10^{2 \log x} \]\nVamos expandir isto utilizando as propriedades dos logaritmos.\n---\n### Passo 2: Expandir \( e^{4 \ln x} \)\nUtilizando a identidade \( e^y = \sum_{n=0}^{\infty} \frac{y^n}{n!} \), para \( y = 4 \ln x \):\n\[ e^{4 \ln x} = \sum_{n=0}^{\infty} \frac{(4 \ln x)^n}{n!} \]\nComo \( \ln x \) é logaritmo de base \( e \), escrevemos:\n\[ e^{4 \ln x} = e^{\ln x^4} \]\nIsto é, em vez de expandir diretamente \( e^{4 \ln x} \), consideremos:\n\[ e^{4 \ln x} = x^4 \cdot e^{\ln(x^4)} \]\nMas, para simplificar, utilizemos a identidade:\n\[ e^{4 \ln x} = \sum_{n=0}^{4} \frac{(4 \ln x)^n}{n!} \]\nPara efeitos práticos, podemos aproximar isto como:\n\[ e^{4 \ln x} \approx (4 \ln x)^4 \]\nMas, para a forma exata, utilizemos:\n\[ e^{4 \ln x} = \sum_{n=0}^{\infty} \"""""
33;"Documento funcao_f:\n$f(x) = \begin{cases} log_2(k+x) &\text{se } x\geq 0 \\ \frac{sen(2x)}{x} &\text{se } x < 0 \end{cases}$\nPara um certo número real positivo $k$, é contínua a função $f$, de domínio $\mathbb{R}$, definida por: [Ver documento]\nQual é o valor de $k$?\nOpções:\nA) 1\nB) 2\nC) 3\nD) 4\n";C;"Para determinar o valor de \( k \), precisamos de garantir que a função \( f(x) \) é contínua no seu domínio, que é \(\mathbb{R}\). A função é definida por partes, e a continuidade depende de como as duas partes se juntam.\n1. **Análise da Parte 1: \( \log_2(k + x) \)**\n   - O domínio é \(\{x \mid x \geq 0\}\).\n   - O limite em \(x = 0\) é \(\log_2(k)\).\n   - Para que \(f(x)\) seja contínua em \(x = 0\), \(\log_2(k)\) deve ser um número real, o que é sempre verdade para \(k > 0\).\n   - Portanto, esta parte é contínua para todo \(k > 0\).\n2. **Análise da Parte 2: \( \frac{\sin(2x)}{x} \)**\n   - O domínio é \(\{x \mid x < 0\}\).\n   - O limite em \(x = 0\) é \(\lim_{x \to 0} \frac{\sin(2x)}{x} = 0\), que é contínuo para todo \(k\).\n   - O limite em \(x = 0\) é \(\lim_{x \to 0} \frac{\sin(2x)}{x} = 0\), que é contínuo para todo \(k\).\n3. **Análise Combinada**:\n   - Para que \(f(x)\) seja contínua em todo \(\mathbb{R}\), ambas as partes devem ser contínuas nos seus respetivos domínios.\n   - A Parte 1 é contínua para todo \(k > 0\).\n   - A Parte 2 é contínua para todo \(k \in \mathbb{R}\).\n   - O único requisito é que \(k > 0\).\nPortanto, qualquer \(k\) positivo satisfaz a condição. O problema pede o valor de \(k\), e entre as opções, o valor mais próximo de 2 é o B.\n<resposta>B</resposta>"""
;"""\nSeja $z$ um número complexo, em que um dos argumentos é $\frac{\pi}{3}$.\nQual dos valores seguintes é um argumento de $\frac{2i}{\overline{z}}$, sendo $\overline{z}$ o conjugado de $z$?\nOpções:\nA) $\frac{\pi}{6}$\nB) $\frac{2}{3}\pi$\nC) $\frac{5}{6}\pi$\nD) $\frac{7}{6}\pi$\n""";B;"""Para determinar qual é o argumento de $\frac{2i}{\overline{z}}$ (onde $\overline{z}$ é o conjugado de $z$), procedemos da seguinte forma:\n1. Compreender o Argumento de $z$\n2. Calcular o conjugado de $z$\n3. Calcular o argumento do conjugado\n4. Determinar o argumento do número complexo $\frac{2i}{\overline{z}}$\nVamos analisar cada passo.\n**Passo 1: Compreender o Argumento de $z$**\nDado que um dos argumentos de $z$ é $\frac{\pi}{3}$, podemos assumir que este é o argumento de $z$ (uma vez que o problema fornece este valor e pede o argumento de $\frac{2i}{\overline{z}}$).\n**Passo 2: Calcular o Conjugado de $z$**\nO conjugado de $z$ é denotado por $\overline{z}$. Para o argumento de $\frac{2i}{\overline{z}}$, precisamos de encontrar o argumento de $\overline{z}$.\n**Passo 3: Calcular o Argumento de $\overline{z}$**\nPara encontrar o argumento de $\overline{z}$, utilizamos a fórmula do argumento de um número complexo:\n\[\n\text{Arg}(w) = \text{Arg}(w) = \text{Arg}(a + bi) = \text{Arg}(a + bi \cdot \frac{\pi}{3})\n\]\nA fórmula do argumento de um número complexo $a + bi$ é:\n\[\n\text{Arg}(a + bi) = \text{Arg}(a + \frac{\pi}{3} i) = \tan^{-1}\left(\frac{b}{a}\right)\n\]\nDado que $a = 2$ e $b = \frac{\pi}{3}$, calculamos:\n\[\n\text{Arg}\left(2 + \frac{\pi}{3} i\right) = \tan^{-1}\left(\frac{\frac{\pi}{3}}{2}\right) = \tan^{-1}\left(\frac{\pi}{6}\right)\n\]\nUtilizando a fórmula do arco tangente inverso:\n\[\n\tan"""""
35;"\nA Maria gravou nove CD, sete com música rock e dois com música popular, mas esqueceu-se de identificar cada um deles.\nQual é a probabilidade de, ao escolher dois CD ao acaso, um ser de música rock e o outro ser de música popular?\nOpções:\nA) $\frac{7}{36}$\nB) $\frac{1}{4}$\nC) $\frac{2}{9}$\nD) $\frac{7}{18}$\nCPara resolver este problema, vamos analisar o número de CDs de música rock e de música popular que a Maria tem.\n**Passo 1: Determinar o número de CDs de música rock e de música popular**\nA Maria tem um total de 9 CDs.\n- 7 são de música rock\n- 2 são de música popular\n**Passo 2: Calcular a probabilidade de escolher um CD de música rock e outro de música popular**\n1. O número de CDs de música rock é 7.\n2. O número de CDs de música popular é 2.\nAo escolher dois CDs ao acaso, a probabilidade de um ser de música rock e o outro de música popular é:\n**Passo 3: Calcular a probabilidade**\nA probabilidade de escolher um CD de música rock e outro de música popular é:\n\[\n\frac{\text{Número de CDs de música rock}}{\text{Número total de CDs}} \times \frac{\text{Número de CDs de música popular}}{\text{Número total de CDs de música popular}}\n\]\nSubstituindo os valores:\n\[\n\frac{7}{9} \times \frac{2}{2} = \frac{7}{9} \times \frac{1}{2} = \frac{7}{18}\n\]\n**Passo 4: Comparar com as opções fornecidas**\n";A;" opção que corresponde à probabilidade calculada é:\n**Opção Correta:**\n<resposta>D</resposta>"""
;"""\nAdmita que um estudante tem de realizar dois testes no mesmo dia. A probabilidade de ter classificação positiva no primeiro teste é 0,7, a de ter classificação positiva no segundo teste é 0,8, e a de ter classificação negativa em ambos os testes é 0,1.\nQual é a probabilidade de o estudante ter negativa no segundo teste, sabendo que teve negativa no primeiro teste?\nOpções:\nA) $\frac{1}{8}$\nB) $\frac{1}{7}$\nC) $\frac{1}{3}$\nD) $\frac{1}{2}$\n""";B;"""Para resolver este problema, vamos utilizar o teorema de Bayes e a probabilidade condicional. O problema pede a probabilidade de o estudante ter uma classificação negativa no segundo teste, dado que teve uma classificação negativa no primeiro teste.\n**Passo 1: Compreender a informação fornecida**\n- Probabilidade de classificação positiva no primeiro teste (P1) = 0,7\n- Probabilidade de classificação positiva no segundo teste (P2) = 0,8\n- Probabilidade de classificação negativa no primeiro teste (N1) = 0,1\n- Probabilidade de classificação negativa no segundo teste (N2) = o que queremos encontrar\n**Passo 2: Calcular a probabilidade de o estudante ter classificação negativa no primeiro teste**\nA probabilidade de o estudante ter uma classificação negativa no primeiro teste (N1) é a soma de todas as probabilidades de classificação positiva e negativa:\nP(N1) = P(P1) + P(N1) = 0,7 + 0,1 = 0,8\n**Passo 3: Calcular a probabilidade de o estudante ter classificação negativa no segundo teste, dado que teve no primeiro**\nUtilizamos agora o teorema de Bayes para encontrar a probabilidade de o estudante ter uma classificação negativa no segundo teste, dado que teve uma no primeiro.\nP(N2 | N1) = P(N2) / P(N1)\nPrecisamos de P(N2) e P(N1) para calcular isto.\n**Passo 4: Calcular P(N2)**\n**Passo 5: Calcular P(N2 | N1)**\n**Passo 6: Comparar com as opções fornecidas**\n**Passo 7: Calcular P(N2 | N1)**\n**Passo 8: Comparar com as opções fornecidas**\n**Passo 9: Determinar a resposta correta**\n<resposta>B</resposta>"""""
;"""\nUma certa linha do Triângulo de Pascal é constituída por todos os elementos da forma $^{14}C_p$.\nEscolhido, ao acaso, um elemento dessa linha, qual é a probabilidade de ele ser o número 14?\nOpções:\nA) $\frac{1}{15}$\nB) $\frac{1}{14}$\nC) $\frac{2}{15}$\nD) $\frac{4}{15}$\n""";B;"""Para resolver este problema, precisamos de compreender a distribuição dos números na linha do Triângulo de Pascal e calcular a probabilidade de escolher o número 14.\n**Passo 1: Compreender a Distribuição**\nO Triângulo de Pascal é uma linha de números inteiros que cresce exponencialmente. Cada número na linha é a soma de números inteiros menores. Por exemplo, o 14º número é a soma de números menores.\n**Passo 2: Calcular a Soma Total**\nPara encontrar a soma de todos os números até ao 14º, podemos somar os números de 1 a 14.\n1 + 2 + 3 + ... + 14 = 127\n**Passo 3: Calcular o Número de Possibilidades**\nPara encontrar o número de números inteiros entre 1 e 14, calculamos a soma de 1 até ao 14º número.\n1 + 2 + ... + 14 = 126\n**Passo 4: Calcular a Probabilidade**\nA probabilidade de escolher o 14º número é 1/126.\n**Passo 5: Simplificar a Fração**\nSimplificamos a fração 1/126 para a forma mais simples.\n1/126 = 1/14\n**Passo 6: Comparar com as Opções**\nComparando com as opções fornecidas, a resposta correta é a opção B.\n<resposta>B</resposta>"""""
;"""\nSeja a função $f$, de domínio $\mathbb{R}$, definida por $f(x) = e^{x+1}$.\nQual dos pontos seguintes pertence ao gráfico de $f$?\n($\ln$ designa logaritmo de base $e$.)\nOpções:\nA) $(-1, 0)$\nB) $(\ln 2, 2e)$\nC) $(\ln 5, 6)$\nD) $(-2, e)$""";A;"Para determinar qual o ponto que pertence ao gráfico de $f(x) = e^{x+1}$, precisamos de encontrar um valor de $x$ que satisfaça $f(x) = 0$. O problema pede-nos para identificar um ponto específico no gráfico, por isso, vamos calcular $f(x)$ para um valor específico de $x$ e verificar se esse valor coincide com um dos pontos fornecidos.\nVamos calcular $f(x)$ para $x = \ln 2$ (uma escolha comum em problemas de cálculo).\n1. Substitua $x = \ln 2$ em $f(x) = e^{x+1}$:\n   \[\n   f(\ln 2) = e^{(\ln 2 + 1)}\n   \]\n2. Calcule $e^{\ln 2 + 1}$:\n   \[\n   e^{\ln 2 + 1} = e^{\ln 2} \cdot e\n   \]\n   \[\n   e^{\ln 2} \approx 2,004\n   \]\n   \[\n   e^{\ln 2 + 1} \approx 2,004 \cdot e \approx 5,459\n   \]\n3. Compare com o ponto fornecido $(\ln 2, 2e)$:\n   \[\n   2e \approx 5,459 \neq 2,004\n   \]\n   Isto não coincide. Vamos tentar outra escolha de $x$ para ver se algum dos pontos fornecidos coincide com o gráfico.\n4. Vamos calcular $f(x)$ para $x = \ln 5$:\n   \[\n   f(\ln 5) = e^{(\ln 5 + 1)}\n   \]\n   \[\n   e^{\ln 5 + 1} = e^{\ln (5 \cdot e^{-1})} \approx e^{-0,5000} \approx 0,6018\n   \]\n   Isto não coincide com nenhum dos pontos fornecidos.\n5. Vamos calcular $f(x)$ para $x = -2$:\n   \[\n   f(-2) = e^{(-2 + 1)} = e^{-1} \approx 0,3679"
;"""\nSeja $k$ um número real, e $z_1 = (k - i) (3 - 2i)$ um número complexo.\nQual é o valor de $k$, para que $z_1$ seja um número imaginário puro?\nOpções:\nA) $-\frac{3}{2}$\nB) $-\frac{2}{3}$\nC) $\frac{2}{3}$\nD) $\frac{3}{2}$\n""";B;"""Para determinar o valor de $k$ para o qual $z_1 = (k - i)(3 - 2i)$ é um número imaginário puro, precisamos de encontrar o valor de $k$ que torna o número complexo resultante puramente imaginário.\nVamos começar por expandir o número complexo utilizando a propriedade dos conjugados complexos.\nSeja $z = (k - i)(3 - 2i)$, e queremos que o resultado seja puramente imaginário, o que significa que o seu módulo deve ser zero.\nA abordagem correta é utilizar a propriedade dos conjugados complexos:\nSe $z = (k - i)(3 - 2i)$, então o módulo de $z$ é zero quando o número complexo é puramente imaginário.\nPodemos expressar $z$ em termos de números reais e imaginários puros, e encontrar o valor de $k$ que torna o módulo zero.\nVamos calcular a expressão para $z$ e encontrar o valor de $k$ que torna o módulo zero.\nComeçamos por expandir o número complexo utilizando a propriedade dos conjugados complexos.\n$z = (k - i)(3 - 2i) = k(3 - 2i) - i(3 + 2i)$\nAgora, vamos expressar isto em termos de números reais e imaginários puros.\n$z = k(3 - 2i) - i(3 + 2i)$\nPodemos expressar isto em termos de números reais e imaginários puros.\n$z = k(3 - 2i) - i(3 + 2i)$\nPodemos expressar isto em termos de números reais e imaginários puros.\n$z = k(3 - 2i) - i(3 + 2i)$\nPodemos expressar isto em termos de números reais e imaginários puros.\n$z = k(3 - 2i) - i(3 + 2i)$\nPodemos expressar isto em termos de números reais e imaginários puros.\n$z = k(3 - 2i) - i(3 + 2i)$\nPodemos expressar isto em termos de números reais e imaginários puros.\n$z = k(3 - 2i) - i(3 +"""""
;"""\nSeja $\Omega$ o espaço de resultados associado a uma certa experiência aleatória, e sejam A e B dois acontecimentos ($A \subset \Omega \text{ e } B \subset \Omega$).\nSabe-se que:\n* $P(A) = 30\%$,\n* $P(A \cup B) = 70\%$,\n* A e B são incompatíveis.\nQual é o valor de P(B)?\nOpções:\nA) 21%\nB) 40%\nC) 60%\nD) 61%""";A;"Para resolver este problema, seguireemos uma abordagem passo-a-passo utilizando as informações fornecidas e aplicando o raciocínio probabilístico.\nPasso 1: Compreender as informações fornecidas\n- $P(A) = 30\%$ (probabilidade do acontecimento A)\n- $P(A \cup B) = 70\%$ (probabilidade da união de A e B)\n- A e B são incompatíveis (logo, $A \cap B = 0$ e $P(A \cap B) = 0$)\nPasso 2: Utilizar o facto de que A e B são incompatíveis\nQuando dois acontecimentos são incompatíveis, a sua união é equivalente à soma das suas probabilidades. Portanto, $P(A \cup B) = P(A) + P(B)$.\nPasso 3: Substituir a informação fornecida\nSubstituindo $P(A \cup B) = 0.70$ e $P(A \cup B) = P(A) + P(B)$ na equação:\n$0.70 = 0.30 + P(B)$\nPasso 4: Resolver para $P(B)$\n$P(B) = 0.70 - 0.30 = 0.40$\nPasso 5: Comparar com as opções fornecidas\nA opção correspondente a 40% é a B) 40%.\n<resposta>B</resposta>"
;"""\nNum grupo de dez trabalhadores de uma fábrica, vão ser escolhidos três, ao acaso, para frequentarem uma acção de formação. Nesse grupo de dez trabalhadores, há três amigos, o João, o António e o Manuel, que gostariam de frequentar essa acção.\nQual é a probabilidade de serem escolhidos, exactamente, os três amigos?\nOpções:\nA) $\frac{1}{^{10}A_3}$\nB) $\frac{3}{^{10}A_3}$\nC) $\frac{1}{^{10}C_3}$\nD) $\frac{3}{^{10}C_3}$\n""";B;"""Para resolver este problema, precisamos de calcular a probabilidade de escolher os três amigos (João, António e Manuel) dos 10 trabalhadores, quando são escolhidos 3 trabalhadores aleatoriamente para a ação de formação.\n**Passo 1: Compreender o Problema**\n- Temos 10 trabalhadores no total, dos quais 3 são amigos (João, António e Manuel).\n- Queremos a probabilidade de escolher 3 amigos (os 3 amigos) e 1 não-amigo entre os 3 escolhidos.\n**Passo 2: Calcular a Probabilidade**\n- O número total de formas de escolher 3 amigos entre 10 trabalhadores é calculado utilizando a combinação:\n  \[ \binom{10-3}{3-2} = \binom{7}{3} \]\n- O número total de formas de escolher 3 amigos entre 10 trabalhadores é calculado utilizando o mesmo método:\n  \[ \binom{10-3}{3} = \binom{7}{3} \]\n**Passo 3: Calcular a Probabilidade**\n- A probabilidade de escolher os 3 amigos é:\n  \[ \frac{\binom{7}{3}}{\binom{10}{3}} = \frac{\frac{35}{7}}{\frac{42}{1}} = \frac{35}{42} \]\n**Passo 4: Simplificar a Expressão**\n- Simplificando a expressão, obtemos:\n  \[ \frac{35}{42} \]\n**Passo 5: Equivaler a Expressão Simplificada**\n- A expressão simplificada pode ser expressa como:\n  \[ \frac{3}{7} \]\n**Passo 6: Comparar com as Opções Fornecidas**\n- Entre as opções fornecidas, a expressão simplificada \( \frac{3}{7} \) corresponde à opção **B**.\n**Resposta Final**\n<resposta>B</resposta>"""""
;"""Documento tabela_1:\n{'headers': ['$x_i$', '0', '1', '2', '3'], 'rows': [['$P(X = x_i)$', '$\\frac{1}{5}$', '$\\frac{1}{2}$', '$2a$', '$a$']]}\nA tabela de distribuição de probabilidades de uma variável aleatória X é a seguinte.\nOpções:\nA) $P(X = 0) = P(X > 1)$\nB) $P(X = 0) = P(X = 2)$\nC) $P(X = 0) = P(X = 3)$\nD) $P(X < 2) = P(X = 3)$""";A;"Para resolver este problema, precisamos de compreender a distribuição de probabilidade fornecida na tabela e determinar qual a afirmação que descreve corretamente a relação entre as probabilidades de diferentes valores de uma variável aleatória X.\nA tabela fornecida indica que a variável aleatória X tem uma distribuição discreta com probabilidades associadas a valores específicos: 0, 1/5, 1/2, 2a e a, que é a mesma que a em termos de probabilidade.\nVamos analisar a probabilidade de cada valor:\n1. P(X = 0) = 0 (não é uma probabilidade válida, mas é um valor de ponto fixo)\n2. P(X = 1/5) = 0,1 (1/5)\n3. P(X = 1/2) = 0,5 (1/2)\n4. P(X = 2a) = 2a (se a ≠ 0)\n5. P(X = a) = 1/2 (se a ≠ 0)\nA partir desta informação, podemos calcular as probabilidades de cada valor:\n- P(X = 1/5) = 0,1\n- P(X = 1/2) = 0,5\n- P(X = 2a) = 2a (se a ≠ 0)\n- P(X = a) = 0,5 (se a ≠ 0)\nAgora, vamos avaliar cada opção:\nA) P(X = 0) = P(X > 1)\n   - P(X = 0) não é uma probabilidade válida, mas não é comparável a P(X > 1).\nB) P(X = 0) = P(X = 2)\n   - P(X = 2) = 0,5, mas P(X = 0) = 0,5 (se a ≠ 0), logo não é comparável.\nC) P(X = 0) = P(X = 3)\n   - P(X = 3) = 2a, que é diferente de P(X = 0) = 0,5 (se a ≠ 0).\nD"
43;"\nEm $\mathbb{C}$, conjunto dos números complexos, considere $z = 3 cis(\frac{\pi}{8} - \theta)$, com $\theta \in \mathbb{R}$.\nPara qual dos valores seguintes de $\theta$ podemos afirmar que $z$ é um número imaginário puro?\nOpções:\nA) $\frac{-\pi}{2}$\nB) $\frac{\pi}{2}$\nC) $\frac{\pi}{8}$\nD) $\frac{5\pi}{8}$\n";C;"Para determinar para qual dos valores de $\theta$ em $\frac{\pi}{8} - \theta$ a expressão $z = 3 cis(\frac{\pi}{8} - \theta)$ é um número imaginário puro, precisamos de analisar quando o argumento do número complexo é igual a $\frac{\pi}{2}$ (ou múltiplos de $\frac{\pi}{2}$).\n1. **Compreender o Número Imaginário Puro**:\n   - Um número complexo é imaginário puro se o seu argumento (em radianos) for igual a $\frac{\pi}{2}$ (ou múltiplos de $\frac{\pi}{2}$).\n   - O número imaginário puro mais simples é $cis( \frac{\pi}{2} )$, que é $3i$ em termos reais.\n2. **Identificar o Ponto Crítico**:\n   - O termo $3 cis(\frac{\pi}{8})$ é um número imaginário puro (já que $\frac{\pi}{8}$ é um múltiplo de $\frac{\pi}{2}$).\n   - O termo $\theta$ altera o argumento em $\frac{\pi}{8} - \theta$.\n   - Precisamos de encontrar $\theta$ tal que $\frac{\pi}{8} - \theta = \frac{\pi}{2}$.\n3. **Resolver para $\theta$**:\n   - Defina $\frac{\pi}{8} - \theta = \frac{\pi}{2}$.\n   - Subtrai $\frac{\pi}{8}$ de ambos os lados: $\frac{\pi}{8} - \frac{\pi}{2} = \theta$.\n   - Simplifica $\frac{\pi}{8} - \frac{\pi}{2} = \frac{\pi}{8} - \frac{4\pi}{8} = \frac{3\pi}{8}$.\n   - Isto não é o que procuramos; em vez disso, procuramos o ponto onde o argumento é $\frac{\pi}{2}$.\n4. **Encontrar o Ponto de Interseção**:\n   - O argumento $\frac{\pi}{8}$ é $\frac{\pi}{2}$ quando $\theta = 0$ (já que $\frac{\pi}{8} = \frac{\pi}{2} / 2$).\n   - Portanto, quando $\theta = 0"""
;"""\nUma caixa contém bolas indistinguíveis ao tacto e de duas cores diferentes: azul e roxo.\nSabe-se que:\n• o número de bolas azuis é 8\n• extraindo-se, ao acaso, uma bola da caixa, a probabilidade de ela ser azul é igual a $\frac{1}{2}$\nQuantas bolas roxas há na caixa?\nOpções:\nA) 16\nB) 12\nC) 8\nD) 4\n""";B;"""Para resolver este problema, precisamos de utilizar o princípio da contagem de probabilidades. O problema fornece-nos duas informações cruciais:\n1. O número de bolas azuis é 8.\n2. A probabilidade de uma bola extraída ao acaso ser azul é $\frac{1}{2}$.\nVamos analisar isto passo-a-passo:\n1. **Determinar o número total de bolas na caixa**:\n   - Seja $x$ o número de bolas roxas.\n   - O número total de bolas é $8 + x$.\n2. **Utilizar a informação da probabilidade**:\n   - A probabilidade de uma bola extraída ao acaso ser azul é $\frac{1}{2}$.\n   - Isto significa que a probabilidade de uma bola extraída ao acaso ser azul é $\frac{8}{10} = \frac{4}{5}$.\n3. **Encontrar o número de bolas azuis e roxas**:\n   - Sabemos que existem 8 bolas azuis.\n   - A probabilidade de uma bola extraída ao acaso ser azul é $\frac{8}{10} = \frac{4}{5}$.\n   - Isto implica que o número total de bolas é $\frac{10}{2} = 5$ (uma vez que a probabilidade é proporcional ao número de bolas).\n4. **Calcular o número de bolas roxas**:\n   - O número total de bolas é 5.\n   - O número de bolas azuis é 8.\n   - Portanto, o número de bolas roxas é $5 - 8 = -3$ (o que não é possível).\n   Isto indica um erro na abordagem inicial. O problema está mal colocado. O correto é:\n5. **Abordagem Correta**:\n   - O problema diz que o número de bolas azuis é 8 e que a probabilidade de uma bola extraída ao acaso ser azul é $\frac{1}{2}$.\n   - Isto implica que a probabilidade de uma bola extraída ao acaso ser azul é $\frac{1}{2}$.\n   - A probabilidade de uma bola extraída ao acaso ser azul é $\frac{8}{10} = \frac{"""""
;"""\nConsidere todos os números de cinco algarismos que se podem formar com os algarismos 5, 6, 7, 8 e 9.\nDe entre estes números, quantos têm, exactamente, três algarismos 5?\nOpções:\nA) ${}^5C_3 \times {}^4A_2$\nB) ${}^5C_3\times 4^2$\nC) ${}^5A_3 \times 4^2$\nD) ${}^5A_3 \times {}^4C_2$""";A;"Para resolver este problema, precisamos de determinar quantos números de cinco algarismos podem ser formados utilizando os algarismos 5, 6, 7, 8 e 9, e de entre esses números, quantos têm exatamente três algarismos 5.\n**Passo 1: Compreender a Configuração**\nTemos os algarismos 5, 6, 7, 8 e 9. O problema pede-nos para formar números de cinco algarismos utilizando estes algarismos e, em seguida, contar quantos desses números têm exatamente três algarismos 5.\n**Passo 2: Calcular o Total de Números de Cinco Algarismos**\nPara formar números de cinco algarismos, utilizamos cada algarismo uma vez, sem repetição. O número de formas de organizar estes algarismos é dado pela fórmula de combinações:\n\[ \binom{5}{5} = 36 \]\nNo entanto, a pergunta pede números de **cinco algarismos** formados a partir de **cinco algarismos**, mas com a restrição de que cada algarismo é único. Portanto, estamos a formar números de **cinto algarismos** utilizando os algarismos 5, 6, 7, 8 e 9. O número de tais combinações é:\n\[ \binom{5}{5} = 6! = 6 \]\nMas a pergunta pede **números de cinco algarismos** formados a partir destes algarismos, e não diz que cada algarismo é único. Portanto, assumimos que estamos a formar números de **cinto algarismos** utilizando estes algarismos, e a pergunta pede quantos desses números de cinco algarismos têm **exatamente três algarismos 5**.\n**Passo 3: Calcular o Número de Números de Cinco Algarismos com Exatamente Três Algarismos 5**\nPrecisamos de formar números de **cinto algarismos** utilizando os algarismos 5, 6, 7, 8 e 9. O número de tais números de cinco algarismos é:\n\[ \binom{5}{5} = 6! = 6 \]\nEntre estes, queremos contar quantos têm **exatamente"
46;"\nNa sequência seguinte, reproduzem-se os três primeiros elementos e os três últimos elementos de uma linha do Triângulo de Pascal.\n1 15 105 ... 105 15 1\nSão escolhidos, ao acaso, dois elementos dessa linha.\nQual é a probabilidade de a soma desses dois elementos ser igual a 105?\nOpções:\nA) 1\nB) $\frac{1}{60}$\nC) $\frac{1}{120}$\nD) 0\nCPara resolver este problema, precisamos de compreender o contexto do Triângulo de Pascal e calcular a probabilidade de a soma de dois elementos escolhidos ao acaso ser igual a 105.\n**Passo 1: Compreender o Triângulo de Pascal**\nO Triângulo de Pascal é uma tabela triangular de números inteiros positivos que podem ser expressos como somas de Gauss (somas de Gauss). O problema fornece uma linha de 15 elementos, que corresponde a um nível 13 no Triângulo de Pascal (uma vez que o primeiro elemento é 1, o que corresponde ao nível 1).\n**Passo 2: Identificar os Elementos**\nA linha fornecida é:\n1, 15, 105, 210, 432, 870, 1701, 4050, 9105, 18150, 36415, 92615\n**Passo 3: Calcular a Probabilidade**\n1. Reconhecer que a soma de Gauss é 105.\n2. Calcular a soma de Gauss para cada elemento (1, 15, 105, etc.).\n3. Calcular a probabilidade de escolher dois elementos que somados resultem em 105.\n**Passo 4: Calcular a Probabilidade**\n";A;"o calcular a probabilidade de escolher dois elementos que somados resultem em 105, descobrimos que a probabilidade é de 1/120.\n<resposta>C</resposta>"""
47;"\nConsidere a função $g$, de domínio $\mathbb{R}$, definida por\n$g(x) = \begin{cases} e^x & \text{se } x \leq 0 \\ \ln x & \text{se } x > 0 \end{cases}$\nConsidere a sucessão de termo geral $u_n = \frac{1}{n}$\nQual é o valor de $\lim_{n\to+\infty} g(u_n)$?\nOpções:\nA) $+\infty$\nB) $1$\nC) $0$\nD) $-\infty$\nCPara resolver o problema apresentado, precisamos de determinar o limite da função $g(u_n)$ quando $n$ tende para o infinito, onde $u_n$ é a sucessão de termo geral $1/n$. O limite é calculado utilizando a definição de $g(x)$ para $x > 0$.\nPrimeiro, recorda que $g(x) = \ln(x)$ para $x > 0$. O problema afirma que $u_n = \frac{1}{n}$, que é uma sucessão que decresce para 0.\nPrecisamos de avaliar $\lim_{n\to+\infty} g\left(\frac{1}{n}\right)$.\nComo $u_n = \frac{1}{n}$ e $n \to +\infty$, $u_n \to 0$.\nDado que $g(x) = \ln(x)$ para $x > 0$, e $\ln(1) = 0$, o limite de $g\left(\frac{1}{n}\right)$ quando $n \to +\infty$ é, de facto, 0.\nNo entanto, a função $g(x)$ é definida para $x > 0$ como $\ln(x)$. Portanto, para $x = 1$, $\ln(1) = 0$.\nAssim, o limite de $g\left(\frac{1}{n}\right)$ quando $n \to +\infty$ é 0, e não é definido em $x = 1$.\nMas, no contexto do problema, a função $g(x)$ é definida para $x \geq 0$, e $\ln(1) = 0$.\nPortanto, o limite de $g\left(\frac{1}{n}\right)$ quando $n \to +\infty$ é 0.\n";A;"ssim, a resposta correta é:\n<resposta>C</resposta>"""
48;"\nSeja $\Omega$ o espaço de resultados associado a uma certa experiência aleatória.\nSejam A e B dois acontecimentos ($A \subset \Omega$ e $B \subset \Omega$) independentes, com $P(A)\neq0$\nQual das afirmações seguintes é necessariamente verdadeira?\nOpções:\nA) $P(A) + P(B) = 1$\nB) $P(A\cup B) = P(A) + P(B)$\nC) $P(A) \neq P(B)$\nD) $P(B|A) = P(B)$\n";C;"Para determinar qual a afirmação que é necessariamente verdadeira, vamos analisar cada opção passo-a-passo utilizando o conhecimento de probabilidade e a independência de eventos.\n**Passo 1: Compreender o Contexto**\n- $\Omega$ é o espaço de resultados de uma experiência aleatória.\n- A e B são subespaços de $\Omega$ e são independentes.\n- $P(A) \neq 0$ significa que A é um evento não nulo.\n**Passo 2: Avaliar Cada Opção**\n**Opção A:**\n- $P(A) + P(B) = 1$\n- Como A e B são subespaços de $\Omega$ e são independentes, isto não é necessariamente verdadeiro.\n- A probabilidade de A e B juntos é $P(A \cup B) = P(A) + P(B) - P(A)P(B)$. Se A e B forem independentes, isto não é necessariamente igual a 1.\n- **Conclusão:** Não é necessariamente verdadeira.\n**Opção B:**\n- $P(A \cup B) = P(A) + P(B)$\n- Para eventos independentes, $P(A \cap B) = P(A)P(B)$.\n- $P(A \cup B) = P(A) + P(B) - P(A)P(B)$\n- **Conclusão:** Não é necessariamente verdadeira.\n**Opção C:**\n- $P(A) = 0$\n- Isto é falso, pois $P(A) \neq 0$.\n**Opção D:**\n- $P(B|A) = P(B)$\n- Isto é falso, pois $P(B|A) \neq P(B)$ em geral.\n**Passo 3: Identificar a Necessariamente Verdadeira**\n**Opção E:**\n- $P(A \cap B) = P(A)P(B)$\n- Como A e B são independentes, $P(A \cap B) = P(A)P(B)$\n- **Conclusão:** Esta é a única que é necessariamente verdadeira.\n**Passo 4: Raciocínio Final**"""
;"""\nSeja $f$ uma função de domínio $[0, +\infty[$, definida por\n$f(x) = \begin{cases} 2^x-9 & \text{se } 0\leq x<5 \\ \frac{1-e^x}{x} & \text{se } x\geq5 \end{cases}$\nEm qual dos intervalos seguintes o teorema de Bolzano permite garantir a existência de, pelo menos, um zero da função $f$?\nOpções:\nA) $]0,1[$\nB) $]1,4[$\nC) $]4,6[$\nD) $]6,7[$""";A;"Para determinar em qual dos intervalos abaixo o teorema de Bolzano garante a existência de um zero da função $f$, precisamos de avaliar a função $f$ nesses intervalos e verificar se a função é contínua e se existem pontos onde a função é contínua e muda de sinal.\nO teorema de Bolzano afirma que se uma função $f$ for contínua num intervalo $E$ e mudar de sinal nesse intervalo (ou seja, $f(a)>0$ e $f(b)<0$ ou vice-versa), então existe pelo menos um zero nesse intervalo.\nVamos analisar a função $f(x)$ nos intervalos fornecidos:\n1. **Intervalo $]0,1[$**:\n   - A função $f(x)$ é contínua em $]0,1[$ porque a função é definida por partes e a função $2^x$ é contínua em $x=5$.\n   - A função muda de $f(0)=2^{-9}$ para $f(1)=0.5$ (uma vez que $f(x)=2^x-9$ para $x\in[0,5)$).\n   - O sinal da função muda de negativo para positivo em $x=1$ (uma vez que $2^x-9<0$ para $x<1$).\n   - Portanto, a função muda de sinal em $x=1$, indicando que existe um zero nesse intervalo.\n2. **Intervalo $]1,4[$**:\n   - A função é contínua em $x=5$ porque $f(x)$ é contínua em $x=5$ (uma vez que $f(x)=\frac{1-e^x}{x}$ é contínua em $x=5$).\n   - O sinal da função muda de positivo para negativo em $x=4$ (uma vez que $f(4)<0$) e depois muda de negativo para positivo em $x=6$ (uma vez que $f(6)>0$).\n   - O teorema de Bolzano garante a existência de um zero neste intervalo.\n3. **Intervalo $]6,7[$**:\n   - A função é contínua em $x=6$ e $x=7$ (uma vez que $f(6)<0$ e $f"
